-- V19__seed_fashion_catalog_100.sql
-- Auto-generated: 100 fashion products, 3 colors × 5 sizes, 10 stock/variant, images.
-- Regenerate: node scripts/generate-fashion-seed.mjs

INSERT IGNORE INTO products (id, name, slug, short_desc, long_desc, brand, category_id, status)
VALUES
(100, 'Áo thun nam Premium Canim 001', 'ao-thun-nam-premium-canim-001-100', 'Áo thun nam Premium Canim 001 — chất liệu cotton cao cấp, form regular fit.', 'Áo thun nam Premium Canim 001. Sản phẩm thời trang nam với 3 màu Trắng, Xanh, Đen và đủ size S–XXL.', 'Canim', 1, 'ACTIVE'),
(101, 'Áo polo nam Premium Canim 002', 'ao-polo-nam-premium-canim-002-101', 'Áo polo nam Premium Canim 002 — chất liệu cotton cao cấp, form regular fit.', 'Áo polo nam Premium Canim 002. Sản phẩm thời trang nam với 3 màu Trắng, Xanh, Đen và đủ size S–XXL.', 'Canim', 1, 'ACTIVE'),
(102, 'Áo sơ mi nam Premium Canim 003', 'ao-so-mi-nam-premium-canim-003-102', 'Áo sơ mi nam Premium Canim 003 — chất liệu cotton cao cấp, form regular fit.', 'Áo sơ mi nam Premium Canim 003. Sản phẩm thời trang nam với 3 màu Trắng, Xanh, Đen và đủ size S–XXL.', 'Canim', 1, 'ACTIVE'),
(103, 'Quần jean nam Premium Canim 004', 'quan-jean-nam-premium-canim-004-103', 'Quần jean nam Premium Canim 004 — chất liệu cotton cao cấp, form regular fit.', 'Quần jean nam Premium Canim 004. Sản phẩm thời trang nam với 3 màu Trắng, Xanh, Đen và đủ size S–XXL.', 'Canim', 1, 'ACTIVE'),
(104, 'Quần short nam Premium Canim 005', 'quan-short-nam-premium-canim-005-104', 'Quần short nam Premium Canim 005 — chất liệu cotton cao cấp, form regular fit.', 'Quần short nam Premium Canim 005. Sản phẩm thời trang nam với 3 màu Trắng, Xanh, Đen và đủ size S–XXL.', 'Canim', 1, 'ACTIVE'),
(105, 'Hoodie nam Premium Canim 006', 'hoodie-nam-premium-canim-006-105', 'Hoodie nam Premium Canim 006 — chất liệu cotton cao cấp, form regular fit.', 'Hoodie nam Premium Canim 006. Sản phẩm thời trang nam với 3 màu Trắng, Xanh, Đen và đủ size S–XXL.', 'Canim', 1, 'ACTIVE'),
(106, 'Áo khoác nam Premium Canim 007', 'ao-khoac-nam-premium-canim-007-106', 'Áo khoác nam Premium Canim 007 — chất liệu cotton cao cấp, form regular fit.', 'Áo khoác nam Premium Canim 007. Sản phẩm thời trang nam với 3 màu Trắng, Xanh, Đen và đủ size S–XXL.', 'Canim', 1, 'ACTIVE'),
(107, 'Áo len nam Premium Canim 008', 'ao-len-nam-premium-canim-008-107', 'Áo len nam Premium Canim 008 — chất liệu cotton cao cấp, form regular fit.', 'Áo len nam Premium Canim 008. Sản phẩm thời trang nam với 3 màu Trắng, Xanh, Đen và đủ size S–XXL.', 'Canim', 1, 'ACTIVE'),
(108, 'Quần jogger nam Premium Canim 009', 'quan-jogger-nam-premium-canim-009-108', 'Quần jogger nam Premium Canim 009 — chất liệu cotton cao cấp, form regular fit.', 'Quần jogger nam Premium Canim 009. Sản phẩm thời trang nam với 3 màu Trắng, Xanh, Đen và đủ size S–XXL.', 'Canim', 1, 'ACTIVE'),
(109, 'Áo tank top nam Premium Canim 010', 'ao-tank-top-nam-premium-canim-010-109', 'Áo tank top nam Premium Canim 010 — chất liệu cotton cao cấp, form regular fit.', 'Áo tank top nam Premium Canim 010. Sản phẩm thời trang nam với 3 màu Trắng, Xanh, Đen và đủ size S–XXL.', 'Canim', 1, 'ACTIVE'),
(110, 'Áo thun nam Classic Canim 011', 'ao-thun-nam-classic-canim-011-110', 'Áo thun nam Classic Canim 011 — chất liệu cotton cao cấp, form regular fit.', 'Áo thun nam Classic Canim 011. Sản phẩm thời trang nam với 3 màu Trắng, Xanh, Đen và đủ size S–XXL.', 'Canim', 1, 'ACTIVE'),
(111, 'Áo polo nam Classic Canim 012', 'ao-polo-nam-classic-canim-012-111', 'Áo polo nam Classic Canim 012 — chất liệu cotton cao cấp, form regular fit.', 'Áo polo nam Classic Canim 012. Sản phẩm thời trang nam với 3 màu Trắng, Xanh, Đen và đủ size S–XXL.', 'Canim', 1, 'ACTIVE'),
(112, 'Áo sơ mi nam Classic Canim 013', 'ao-so-mi-nam-classic-canim-013-112', 'Áo sơ mi nam Classic Canim 013 — chất liệu cotton cao cấp, form regular fit.', 'Áo sơ mi nam Classic Canim 013. Sản phẩm thời trang nam với 3 màu Trắng, Xanh, Đen và đủ size S–XXL.', 'Canim', 1, 'ACTIVE'),
(113, 'Quần jean nam Classic Canim 014', 'quan-jean-nam-classic-canim-014-113', 'Quần jean nam Classic Canim 014 — chất liệu cotton cao cấp, form regular fit.', 'Quần jean nam Classic Canim 014. Sản phẩm thời trang nam với 3 màu Trắng, Xanh, Đen và đủ size S–XXL.', 'Canim', 1, 'ACTIVE'),
(114, 'Quần short nam Classic Canim 015', 'quan-short-nam-classic-canim-015-114', 'Quần short nam Classic Canim 015 — chất liệu cotton cao cấp, form regular fit.', 'Quần short nam Classic Canim 015. Sản phẩm thời trang nam với 3 màu Trắng, Xanh, Đen và đủ size S–XXL.', 'Canim', 1, 'ACTIVE'),
(115, 'Hoodie nam Classic Canim 016', 'hoodie-nam-classic-canim-016-115', 'Hoodie nam Classic Canim 016 — chất liệu cotton cao cấp, form regular fit.', 'Hoodie nam Classic Canim 016. Sản phẩm thời trang nam với 3 màu Trắng, Xanh, Đen và đủ size S–XXL.', 'Canim', 1, 'ACTIVE'),
(116, 'Áo khoác nam Classic Canim 017', 'ao-khoac-nam-classic-canim-017-116', 'Áo khoác nam Classic Canim 017 — chất liệu cotton cao cấp, form regular fit.', 'Áo khoác nam Classic Canim 017. Sản phẩm thời trang nam với 3 màu Trắng, Xanh, Đen và đủ size S–XXL.', 'Canim', 1, 'ACTIVE'),
(117, 'Áo len nam Classic Canim 018', 'ao-len-nam-classic-canim-018-117', 'Áo len nam Classic Canim 018 — chất liệu cotton cao cấp, form regular fit.', 'Áo len nam Classic Canim 018. Sản phẩm thời trang nam với 3 màu Trắng, Xanh, Đen và đủ size S–XXL.', 'Canim', 1, 'ACTIVE'),
(118, 'Quần jogger nam Classic Canim 019', 'quan-jogger-nam-classic-canim-019-118', 'Quần jogger nam Classic Canim 019 — chất liệu cotton cao cấp, form regular fit.', 'Quần jogger nam Classic Canim 019. Sản phẩm thời trang nam với 3 màu Trắng, Xanh, Đen và đủ size S–XXL.', 'Canim', 1, 'ACTIVE'),
(119, 'Áo tank top nam Classic Canim 020', 'ao-tank-top-nam-classic-canim-020-119', 'Áo tank top nam Classic Canim 020 — chất liệu cotton cao cấp, form regular fit.', 'Áo tank top nam Classic Canim 020. Sản phẩm thời trang nam với 3 màu Trắng, Xanh, Đen và đủ size S–XXL.', 'Canim', 1, 'ACTIVE'),
(120, 'Áo thun nam Sport Canim 021', 'ao-thun-nam-sport-canim-021-120', 'Áo thun nam Sport Canim 021 — chất liệu cotton cao cấp, form regular fit.', 'Áo thun nam Sport Canim 021. Sản phẩm thời trang nam với 3 màu Trắng, Xanh, Đen và đủ size S–XXL.', 'Canim', 1, 'ACTIVE'),
(121, 'Áo polo nam Sport Canim 022', 'ao-polo-nam-sport-canim-022-121', 'Áo polo nam Sport Canim 022 — chất liệu cotton cao cấp, form regular fit.', 'Áo polo nam Sport Canim 022. Sản phẩm thời trang nam với 3 màu Trắng, Xanh, Đen và đủ size S–XXL.', 'Canim', 1, 'ACTIVE'),
(122, 'Áo sơ mi nam Sport Canim 023', 'ao-so-mi-nam-sport-canim-023-122', 'Áo sơ mi nam Sport Canim 023 — chất liệu cotton cao cấp, form regular fit.', 'Áo sơ mi nam Sport Canim 023. Sản phẩm thời trang nam với 3 màu Trắng, Xanh, Đen và đủ size S–XXL.', 'Canim', 1, 'ACTIVE'),
(123, 'Quần jean nam Sport Canim 024', 'quan-jean-nam-sport-canim-024-123', 'Quần jean nam Sport Canim 024 — chất liệu cotton cao cấp, form regular fit.', 'Quần jean nam Sport Canim 024. Sản phẩm thời trang nam với 3 màu Trắng, Xanh, Đen và đủ size S–XXL.', 'Canim', 1, 'ACTIVE'),
(124, 'Quần short nam Sport Canim 025', 'quan-short-nam-sport-canim-025-124', 'Quần short nam Sport Canim 025 — chất liệu cotton cao cấp, form regular fit.', 'Quần short nam Sport Canim 025. Sản phẩm thời trang nam với 3 màu Trắng, Xanh, Đen và đủ size S–XXL.', 'Canim', 1, 'ACTIVE'),
(125, 'Hoodie nam Sport Canim 026', 'hoodie-nam-sport-canim-026-125', 'Hoodie nam Sport Canim 026 — chất liệu cotton cao cấp, form regular fit.', 'Hoodie nam Sport Canim 026. Sản phẩm thời trang nam với 3 màu Trắng, Xanh, Đen và đủ size S–XXL.', 'Canim', 1, 'ACTIVE'),
(126, 'Áo khoác nam Sport Canim 027', 'ao-khoac-nam-sport-canim-027-126', 'Áo khoác nam Sport Canim 027 — chất liệu cotton cao cấp, form regular fit.', 'Áo khoác nam Sport Canim 027. Sản phẩm thời trang nam với 3 màu Trắng, Xanh, Đen và đủ size S–XXL.', 'Canim', 1, 'ACTIVE'),
(127, 'Áo len nam Sport Canim 028', 'ao-len-nam-sport-canim-028-127', 'Áo len nam Sport Canim 028 — chất liệu cotton cao cấp, form regular fit.', 'Áo len nam Sport Canim 028. Sản phẩm thời trang nam với 3 màu Trắng, Xanh, Đen và đủ size S–XXL.', 'Canim', 1, 'ACTIVE'),
(128, 'Quần jogger nam Sport Canim 029', 'quan-jogger-nam-sport-canim-029-128', 'Quần jogger nam Sport Canim 029 — chất liệu cotton cao cấp, form regular fit.', 'Quần jogger nam Sport Canim 029. Sản phẩm thời trang nam với 3 màu Trắng, Xanh, Đen và đủ size S–XXL.', 'Canim', 1, 'ACTIVE'),
(129, 'Áo tank top nam Sport Canim 030', 'ao-tank-top-nam-sport-canim-030-129', 'Áo tank top nam Sport Canim 030 — chất liệu cotton cao cấp, form regular fit.', 'Áo tank top nam Sport Canim 030. Sản phẩm thời trang nam với 3 màu Trắng, Xanh, Đen và đủ size S–XXL.', 'Canim', 1, 'ACTIVE'),
(130, 'Áo thun nam Basic Canim 031', 'ao-thun-nam-basic-canim-031-130', 'Áo thun nam Basic Canim 031 — chất liệu cotton cao cấp, form regular fit.', 'Áo thun nam Basic Canim 031. Sản phẩm thời trang nam với 3 màu Trắng, Xanh, Đen và đủ size S–XXL.', 'Canim', 1, 'ACTIVE'),
(131, 'Áo polo nam Basic Canim 032', 'ao-polo-nam-basic-canim-032-131', 'Áo polo nam Basic Canim 032 — chất liệu cotton cao cấp, form regular fit.', 'Áo polo nam Basic Canim 032. Sản phẩm thời trang nam với 3 màu Trắng, Xanh, Đen và đủ size S–XXL.', 'Canim', 1, 'ACTIVE'),
(132, 'Áo sơ mi nam Basic Canim 033', 'ao-so-mi-nam-basic-canim-033-132', 'Áo sơ mi nam Basic Canim 033 — chất liệu cotton cao cấp, form regular fit.', 'Áo sơ mi nam Basic Canim 033. Sản phẩm thời trang nam với 3 màu Trắng, Xanh, Đen và đủ size S–XXL.', 'Canim', 1, 'ACTIVE'),
(133, 'Quần jean nam Basic Canim 034', 'quan-jean-nam-basic-canim-034-133', 'Quần jean nam Basic Canim 034 — chất liệu cotton cao cấp, form regular fit.', 'Quần jean nam Basic Canim 034. Sản phẩm thời trang nam với 3 màu Trắng, Xanh, Đen và đủ size S–XXL.', 'Canim', 1, 'ACTIVE'),
(134, 'Quần short nam Basic Canim 035', 'quan-short-nam-basic-canim-035-134', 'Quần short nam Basic Canim 035 — chất liệu cotton cao cấp, form regular fit.', 'Quần short nam Basic Canim 035. Sản phẩm thời trang nam với 3 màu Trắng, Xanh, Đen và đủ size S–XXL.', 'Canim', 1, 'ACTIVE'),
(135, 'Hoodie nam Basic Canim 036', 'hoodie-nam-basic-canim-036-135', 'Hoodie nam Basic Canim 036 — chất liệu cotton cao cấp, form regular fit.', 'Hoodie nam Basic Canim 036. Sản phẩm thời trang nam với 3 màu Trắng, Xanh, Đen và đủ size S–XXL.', 'Canim', 1, 'ACTIVE'),
(136, 'Áo khoác nam Basic Canim 037', 'ao-khoac-nam-basic-canim-037-136', 'Áo khoác nam Basic Canim 037 — chất liệu cotton cao cấp, form regular fit.', 'Áo khoác nam Basic Canim 037. Sản phẩm thời trang nam với 3 màu Trắng, Xanh, Đen và đủ size S–XXL.', 'Canim', 1, 'ACTIVE'),
(137, 'Áo len nam Basic Canim 038', 'ao-len-nam-basic-canim-038-137', 'Áo len nam Basic Canim 038 — chất liệu cotton cao cấp, form regular fit.', 'Áo len nam Basic Canim 038. Sản phẩm thời trang nam với 3 màu Trắng, Xanh, Đen và đủ size S–XXL.', 'Canim', 1, 'ACTIVE'),
(138, 'Quần jogger nam Basic Canim 039', 'quan-jogger-nam-basic-canim-039-138', 'Quần jogger nam Basic Canim 039 — chất liệu cotton cao cấp, form regular fit.', 'Quần jogger nam Basic Canim 039. Sản phẩm thời trang nam với 3 màu Trắng, Xanh, Đen và đủ size S–XXL.', 'Canim', 1, 'ACTIVE'),
(139, 'Áo tank top nam Basic Canim 040', 'ao-tank-top-nam-basic-canim-040-139', 'Áo tank top nam Basic Canim 040 — chất liệu cotton cao cấp, form regular fit.', 'Áo tank top nam Basic Canim 040. Sản phẩm thời trang nam với 3 màu Trắng, Xanh, Đen và đủ size S–XXL.', 'Canim', 1, 'ACTIVE'),
(140, 'Áo thun nam Urban Canim 041', 'ao-thun-nam-urban-canim-041-140', 'Áo thun nam Urban Canim 041 — chất liệu cotton cao cấp, form regular fit.', 'Áo thun nam Urban Canim 041. Sản phẩm thời trang nam với 3 màu Trắng, Xanh, Đen và đủ size S–XXL.', 'Canim', 1, 'ACTIVE'),
(141, 'Áo polo nam Urban Canim 042', 'ao-polo-nam-urban-canim-042-141', 'Áo polo nam Urban Canim 042 — chất liệu cotton cao cấp, form regular fit.', 'Áo polo nam Urban Canim 042. Sản phẩm thời trang nam với 3 màu Trắng, Xanh, Đen và đủ size S–XXL.', 'Canim', 1, 'ACTIVE'),
(142, 'Áo sơ mi nam Urban Canim 043', 'ao-so-mi-nam-urban-canim-043-142', 'Áo sơ mi nam Urban Canim 043 — chất liệu cotton cao cấp, form regular fit.', 'Áo sơ mi nam Urban Canim 043. Sản phẩm thời trang nam với 3 màu Trắng, Xanh, Đen và đủ size S–XXL.', 'Canim', 1, 'ACTIVE'),
(143, 'Quần jean nam Urban Canim 044', 'quan-jean-nam-urban-canim-044-143', 'Quần jean nam Urban Canim 044 — chất liệu cotton cao cấp, form regular fit.', 'Quần jean nam Urban Canim 044. Sản phẩm thời trang nam với 3 màu Trắng, Xanh, Đen và đủ size S–XXL.', 'Canim', 1, 'ACTIVE'),
(144, 'Quần short nam Urban Canim 045', 'quan-short-nam-urban-canim-045-144', 'Quần short nam Urban Canim 045 — chất liệu cotton cao cấp, form regular fit.', 'Quần short nam Urban Canim 045. Sản phẩm thời trang nam với 3 màu Trắng, Xanh, Đen và đủ size S–XXL.', 'Canim', 1, 'ACTIVE'),
(145, 'Hoodie nam Urban Canim 046', 'hoodie-nam-urban-canim-046-145', 'Hoodie nam Urban Canim 046 — chất liệu cotton cao cấp, form regular fit.', 'Hoodie nam Urban Canim 046. Sản phẩm thời trang nam với 3 màu Trắng, Xanh, Đen và đủ size S–XXL.', 'Canim', 1, 'ACTIVE'),
(146, 'Áo khoác nam Urban Canim 047', 'ao-khoac-nam-urban-canim-047-146', 'Áo khoác nam Urban Canim 047 — chất liệu cotton cao cấp, form regular fit.', 'Áo khoác nam Urban Canim 047. Sản phẩm thời trang nam với 3 màu Trắng, Xanh, Đen và đủ size S–XXL.', 'Canim', 1, 'ACTIVE'),
(147, 'Áo len nam Urban Canim 048', 'ao-len-nam-urban-canim-048-147', 'Áo len nam Urban Canim 048 — chất liệu cotton cao cấp, form regular fit.', 'Áo len nam Urban Canim 048. Sản phẩm thời trang nam với 3 màu Trắng, Xanh, Đen và đủ size S–XXL.', 'Canim', 1, 'ACTIVE'),
(148, 'Quần jogger nam Urban Canim 049', 'quan-jogger-nam-urban-canim-049-148', 'Quần jogger nam Urban Canim 049 — chất liệu cotton cao cấp, form regular fit.', 'Quần jogger nam Urban Canim 049. Sản phẩm thời trang nam với 3 màu Trắng, Xanh, Đen và đủ size S–XXL.', 'Canim', 1, 'ACTIVE'),
(149, 'Áo tank top nam Urban Canim 050', 'ao-tank-top-nam-urban-canim-050-149', 'Áo tank top nam Urban Canim 050 — chất liệu cotton cao cấp, form regular fit.', 'Áo tank top nam Urban Canim 050. Sản phẩm thời trang nam với 3 màu Trắng, Xanh, Đen và đủ size S–XXL.', 'Canim', 1, 'ACTIVE'),
(150, 'Áo thun nam Street Canim 051', 'ao-thun-nam-street-canim-051-150', 'Áo thun nam Street Canim 051 — chất liệu cotton cao cấp, form regular fit.', 'Áo thun nam Street Canim 051. Sản phẩm thời trang nam với 3 màu Trắng, Xanh, Đen và đủ size S–XXL.', 'Canim', 1, 'ACTIVE'),
(151, 'Áo polo nam Street Canim 052', 'ao-polo-nam-street-canim-052-151', 'Áo polo nam Street Canim 052 — chất liệu cotton cao cấp, form regular fit.', 'Áo polo nam Street Canim 052. Sản phẩm thời trang nam với 3 màu Trắng, Xanh, Đen và đủ size S–XXL.', 'Canim', 1, 'ACTIVE'),
(152, 'Áo sơ mi nam Street Canim 053', 'ao-so-mi-nam-street-canim-053-152', 'Áo sơ mi nam Street Canim 053 — chất liệu cotton cao cấp, form regular fit.', 'Áo sơ mi nam Street Canim 053. Sản phẩm thời trang nam với 3 màu Trắng, Xanh, Đen và đủ size S–XXL.', 'Canim', 1, 'ACTIVE'),
(153, 'Quần jean nam Street Canim 054', 'quan-jean-nam-street-canim-054-153', 'Quần jean nam Street Canim 054 — chất liệu cotton cao cấp, form regular fit.', 'Quần jean nam Street Canim 054. Sản phẩm thời trang nam với 3 màu Trắng, Xanh, Đen và đủ size S–XXL.', 'Canim', 1, 'ACTIVE'),
(154, 'Quần short nam Street Canim 055', 'quan-short-nam-street-canim-055-154', 'Quần short nam Street Canim 055 — chất liệu cotton cao cấp, form regular fit.', 'Quần short nam Street Canim 055. Sản phẩm thời trang nam với 3 màu Trắng, Xanh, Đen và đủ size S–XXL.', 'Canim', 1, 'ACTIVE'),
(155, 'Hoodie nam Street Canim 056', 'hoodie-nam-street-canim-056-155', 'Hoodie nam Street Canim 056 — chất liệu cotton cao cấp, form regular fit.', 'Hoodie nam Street Canim 056. Sản phẩm thời trang nam với 3 màu Trắng, Xanh, Đen và đủ size S–XXL.', 'Canim', 1, 'ACTIVE'),
(156, 'Áo khoác nam Street Canim 057', 'ao-khoac-nam-street-canim-057-156', 'Áo khoác nam Street Canim 057 — chất liệu cotton cao cấp, form regular fit.', 'Áo khoác nam Street Canim 057. Sản phẩm thời trang nam với 3 màu Trắng, Xanh, Đen và đủ size S–XXL.', 'Canim', 1, 'ACTIVE'),
(157, 'Áo len nam Street Canim 058', 'ao-len-nam-street-canim-058-157', 'Áo len nam Street Canim 058 — chất liệu cotton cao cấp, form regular fit.', 'Áo len nam Street Canim 058. Sản phẩm thời trang nam với 3 màu Trắng, Xanh, Đen và đủ size S–XXL.', 'Canim', 1, 'ACTIVE'),
(158, 'Quần jogger nam Street Canim 059', 'quan-jogger-nam-street-canim-059-158', 'Quần jogger nam Street Canim 059 — chất liệu cotton cao cấp, form regular fit.', 'Quần jogger nam Street Canim 059. Sản phẩm thời trang nam với 3 màu Trắng, Xanh, Đen và đủ size S–XXL.', 'Canim', 1, 'ACTIVE'),
(159, 'Áo tank top nam Street Canim 060', 'ao-tank-top-nam-street-canim-060-159', 'Áo tank top nam Street Canim 060 — chất liệu cotton cao cấp, form regular fit.', 'Áo tank top nam Street Canim 060. Sản phẩm thời trang nam với 3 màu Trắng, Xanh, Đen và đủ size S–XXL.', 'Canim', 1, 'ACTIVE'),
(160, 'Áo thun nam Essential Canim 061', 'ao-thun-nam-essential-canim-061-160', 'Áo thun nam Essential Canim 061 — chất liệu cotton cao cấp, form regular fit.', 'Áo thun nam Essential Canim 061. Sản phẩm thời trang nam với 3 màu Trắng, Xanh, Đen và đủ size S–XXL.', 'Canim', 1, 'ACTIVE'),
(161, 'Áo polo nam Essential Canim 062', 'ao-polo-nam-essential-canim-062-161', 'Áo polo nam Essential Canim 062 — chất liệu cotton cao cấp, form regular fit.', 'Áo polo nam Essential Canim 062. Sản phẩm thời trang nam với 3 màu Trắng, Xanh, Đen và đủ size S–XXL.', 'Canim', 1, 'ACTIVE'),
(162, 'Áo sơ mi nam Essential Canim 063', 'ao-so-mi-nam-essential-canim-063-162', 'Áo sơ mi nam Essential Canim 063 — chất liệu cotton cao cấp, form regular fit.', 'Áo sơ mi nam Essential Canim 063. Sản phẩm thời trang nam với 3 màu Trắng, Xanh, Đen và đủ size S–XXL.', 'Canim', 1, 'ACTIVE'),
(163, 'Quần jean nam Essential Canim 064', 'quan-jean-nam-essential-canim-064-163', 'Quần jean nam Essential Canim 064 — chất liệu cotton cao cấp, form regular fit.', 'Quần jean nam Essential Canim 064. Sản phẩm thời trang nam với 3 màu Trắng, Xanh, Đen và đủ size S–XXL.', 'Canim', 1, 'ACTIVE'),
(164, 'Quần short nam Essential Canim 065', 'quan-short-nam-essential-canim-065-164', 'Quần short nam Essential Canim 065 — chất liệu cotton cao cấp, form regular fit.', 'Quần short nam Essential Canim 065. Sản phẩm thời trang nam với 3 màu Trắng, Xanh, Đen và đủ size S–XXL.', 'Canim', 1, 'ACTIVE'),
(165, 'Hoodie nam Essential Canim 066', 'hoodie-nam-essential-canim-066-165', 'Hoodie nam Essential Canim 066 — chất liệu cotton cao cấp, form regular fit.', 'Hoodie nam Essential Canim 066. Sản phẩm thời trang nam với 3 màu Trắng, Xanh, Đen và đủ size S–XXL.', 'Canim', 1, 'ACTIVE'),
(166, 'Áo khoác nam Essential Canim 067', 'ao-khoac-nam-essential-canim-067-166', 'Áo khoác nam Essential Canim 067 — chất liệu cotton cao cấp, form regular fit.', 'Áo khoác nam Essential Canim 067. Sản phẩm thời trang nam với 3 màu Trắng, Xanh, Đen và đủ size S–XXL.', 'Canim', 1, 'ACTIVE'),
(167, 'Áo len nam Essential Canim 068', 'ao-len-nam-essential-canim-068-167', 'Áo len nam Essential Canim 068 — chất liệu cotton cao cấp, form regular fit.', 'Áo len nam Essential Canim 068. Sản phẩm thời trang nam với 3 màu Trắng, Xanh, Đen và đủ size S–XXL.', 'Canim', 1, 'ACTIVE'),
(168, 'Quần jogger nam Essential Canim 069', 'quan-jogger-nam-essential-canim-069-168', 'Quần jogger nam Essential Canim 069 — chất liệu cotton cao cấp, form regular fit.', 'Quần jogger nam Essential Canim 069. Sản phẩm thời trang nam với 3 màu Trắng, Xanh, Đen và đủ size S–XXL.', 'Canim', 1, 'ACTIVE'),
(169, 'Áo tank top nam Essential Canim 070', 'ao-tank-top-nam-essential-canim-070-169', 'Áo tank top nam Essential Canim 070 — chất liệu cotton cao cấp, form regular fit.', 'Áo tank top nam Essential Canim 070. Sản phẩm thời trang nam với 3 màu Trắng, Xanh, Đen và đủ size S–XXL.', 'Canim', 1, 'ACTIVE'),
(170, 'Áo thun nam Modern Canim 071', 'ao-thun-nam-modern-canim-071-170', 'Áo thun nam Modern Canim 071 — chất liệu cotton cao cấp, form regular fit.', 'Áo thun nam Modern Canim 071. Sản phẩm thời trang nam với 3 màu Trắng, Xanh, Đen và đủ size S–XXL.', 'Canim', 1, 'ACTIVE'),
(171, 'Áo polo nam Modern Canim 072', 'ao-polo-nam-modern-canim-072-171', 'Áo polo nam Modern Canim 072 — chất liệu cotton cao cấp, form regular fit.', 'Áo polo nam Modern Canim 072. Sản phẩm thời trang nam với 3 màu Trắng, Xanh, Đen và đủ size S–XXL.', 'Canim', 1, 'ACTIVE'),
(172, 'Áo sơ mi nam Modern Canim 073', 'ao-so-mi-nam-modern-canim-073-172', 'Áo sơ mi nam Modern Canim 073 — chất liệu cotton cao cấp, form regular fit.', 'Áo sơ mi nam Modern Canim 073. Sản phẩm thời trang nam với 3 màu Trắng, Xanh, Đen và đủ size S–XXL.', 'Canim', 1, 'ACTIVE'),
(173, 'Quần jean nam Modern Canim 074', 'quan-jean-nam-modern-canim-074-173', 'Quần jean nam Modern Canim 074 — chất liệu cotton cao cấp, form regular fit.', 'Quần jean nam Modern Canim 074. Sản phẩm thời trang nam với 3 màu Trắng, Xanh, Đen và đủ size S–XXL.', 'Canim', 1, 'ACTIVE'),
(174, 'Quần short nam Modern Canim 075', 'quan-short-nam-modern-canim-075-174', 'Quần short nam Modern Canim 075 — chất liệu cotton cao cấp, form regular fit.', 'Quần short nam Modern Canim 075. Sản phẩm thời trang nam với 3 màu Trắng, Xanh, Đen và đủ size S–XXL.', 'Canim', 1, 'ACTIVE'),
(175, 'Hoodie nam Modern Canim 076', 'hoodie-nam-modern-canim-076-175', 'Hoodie nam Modern Canim 076 — chất liệu cotton cao cấp, form regular fit.', 'Hoodie nam Modern Canim 076. Sản phẩm thời trang nam với 3 màu Trắng, Xanh, Đen và đủ size S–XXL.', 'Canim', 1, 'ACTIVE'),
(176, 'Áo khoác nam Modern Canim 077', 'ao-khoac-nam-modern-canim-077-176', 'Áo khoác nam Modern Canim 077 — chất liệu cotton cao cấp, form regular fit.', 'Áo khoác nam Modern Canim 077. Sản phẩm thời trang nam với 3 màu Trắng, Xanh, Đen và đủ size S–XXL.', 'Canim', 1, 'ACTIVE'),
(177, 'Áo len nam Modern Canim 078', 'ao-len-nam-modern-canim-078-177', 'Áo len nam Modern Canim 078 — chất liệu cotton cao cấp, form regular fit.', 'Áo len nam Modern Canim 078. Sản phẩm thời trang nam với 3 màu Trắng, Xanh, Đen và đủ size S–XXL.', 'Canim', 1, 'ACTIVE'),
(178, 'Quần jogger nam Modern Canim 079', 'quan-jogger-nam-modern-canim-079-178', 'Quần jogger nam Modern Canim 079 — chất liệu cotton cao cấp, form regular fit.', 'Quần jogger nam Modern Canim 079. Sản phẩm thời trang nam với 3 màu Trắng, Xanh, Đen và đủ size S–XXL.', 'Canim', 1, 'ACTIVE'),
(179, 'Áo tank top nam Modern Canim 080', 'ao-tank-top-nam-modern-canim-080-179', 'Áo tank top nam Modern Canim 080 — chất liệu cotton cao cấp, form regular fit.', 'Áo tank top nam Modern Canim 080. Sản phẩm thời trang nam với 3 màu Trắng, Xanh, Đen và đủ size S–XXL.', 'Canim', 1, 'ACTIVE'),
(180, 'Áo thun nam Casual Canim 081', 'ao-thun-nam-casual-canim-081-180', 'Áo thun nam Casual Canim 081 — chất liệu cotton cao cấp, form regular fit.', 'Áo thun nam Casual Canim 081. Sản phẩm thời trang nam với 3 màu Trắng, Xanh, Đen và đủ size S–XXL.', 'Canim', 1, 'ACTIVE'),
(181, 'Áo polo nam Casual Canim 082', 'ao-polo-nam-casual-canim-082-181', 'Áo polo nam Casual Canim 082 — chất liệu cotton cao cấp, form regular fit.', 'Áo polo nam Casual Canim 082. Sản phẩm thời trang nam với 3 màu Trắng, Xanh, Đen và đủ size S–XXL.', 'Canim', 1, 'ACTIVE'),
(182, 'Áo sơ mi nam Casual Canim 083', 'ao-so-mi-nam-casual-canim-083-182', 'Áo sơ mi nam Casual Canim 083 — chất liệu cotton cao cấp, form regular fit.', 'Áo sơ mi nam Casual Canim 083. Sản phẩm thời trang nam với 3 màu Trắng, Xanh, Đen và đủ size S–XXL.', 'Canim', 1, 'ACTIVE'),
(183, 'Quần jean nam Casual Canim 084', 'quan-jean-nam-casual-canim-084-183', 'Quần jean nam Casual Canim 084 — chất liệu cotton cao cấp, form regular fit.', 'Quần jean nam Casual Canim 084. Sản phẩm thời trang nam với 3 màu Trắng, Xanh, Đen và đủ size S–XXL.', 'Canim', 1, 'ACTIVE'),
(184, 'Quần short nam Casual Canim 085', 'quan-short-nam-casual-canim-085-184', 'Quần short nam Casual Canim 085 — chất liệu cotton cao cấp, form regular fit.', 'Quần short nam Casual Canim 085. Sản phẩm thời trang nam với 3 màu Trắng, Xanh, Đen và đủ size S–XXL.', 'Canim', 1, 'ACTIVE'),
(185, 'Hoodie nam Casual Canim 086', 'hoodie-nam-casual-canim-086-185', 'Hoodie nam Casual Canim 086 — chất liệu cotton cao cấp, form regular fit.', 'Hoodie nam Casual Canim 086. Sản phẩm thời trang nam với 3 màu Trắng, Xanh, Đen và đủ size S–XXL.', 'Canim', 1, 'ACTIVE'),
(186, 'Áo khoác nam Casual Canim 087', 'ao-khoac-nam-casual-canim-087-186', 'Áo khoác nam Casual Canim 087 — chất liệu cotton cao cấp, form regular fit.', 'Áo khoác nam Casual Canim 087. Sản phẩm thời trang nam với 3 màu Trắng, Xanh, Đen và đủ size S–XXL.', 'Canim', 1, 'ACTIVE'),
(187, 'Áo len nam Casual Canim 088', 'ao-len-nam-casual-canim-088-187', 'Áo len nam Casual Canim 088 — chất liệu cotton cao cấp, form regular fit.', 'Áo len nam Casual Canim 088. Sản phẩm thời trang nam với 3 màu Trắng, Xanh, Đen và đủ size S–XXL.', 'Canim', 1, 'ACTIVE'),
(188, 'Quần jogger nam Casual Canim 089', 'quan-jogger-nam-casual-canim-089-188', 'Quần jogger nam Casual Canim 089 — chất liệu cotton cao cấp, form regular fit.', 'Quần jogger nam Casual Canim 089. Sản phẩm thời trang nam với 3 màu Trắng, Xanh, Đen và đủ size S–XXL.', 'Canim', 1, 'ACTIVE'),
(189, 'Áo tank top nam Casual Canim 090', 'ao-tank-top-nam-casual-canim-090-189', 'Áo tank top nam Casual Canim 090 — chất liệu cotton cao cấp, form regular fit.', 'Áo tank top nam Casual Canim 090. Sản phẩm thời trang nam với 3 màu Trắng, Xanh, Đen và đủ size S–XXL.', 'Canim', 1, 'ACTIVE'),
(190, 'Áo thun nam Vintage Canim 091', 'ao-thun-nam-vintage-canim-091-190', 'Áo thun nam Vintage Canim 091 — chất liệu cotton cao cấp, form regular fit.', 'Áo thun nam Vintage Canim 091. Sản phẩm thời trang nam với 3 màu Trắng, Xanh, Đen và đủ size S–XXL.', 'Canim', 1, 'ACTIVE'),
(191, 'Áo polo nam Vintage Canim 092', 'ao-polo-nam-vintage-canim-092-191', 'Áo polo nam Vintage Canim 092 — chất liệu cotton cao cấp, form regular fit.', 'Áo polo nam Vintage Canim 092. Sản phẩm thời trang nam với 3 màu Trắng, Xanh, Đen và đủ size S–XXL.', 'Canim', 1, 'ACTIVE'),
(192, 'Áo sơ mi nam Vintage Canim 093', 'ao-so-mi-nam-vintage-canim-093-192', 'Áo sơ mi nam Vintage Canim 093 — chất liệu cotton cao cấp, form regular fit.', 'Áo sơ mi nam Vintage Canim 093. Sản phẩm thời trang nam với 3 màu Trắng, Xanh, Đen và đủ size S–XXL.', 'Canim', 1, 'ACTIVE'),
(193, 'Quần jean nam Vintage Canim 094', 'quan-jean-nam-vintage-canim-094-193', 'Quần jean nam Vintage Canim 094 — chất liệu cotton cao cấp, form regular fit.', 'Quần jean nam Vintage Canim 094. Sản phẩm thời trang nam với 3 màu Trắng, Xanh, Đen và đủ size S–XXL.', 'Canim', 1, 'ACTIVE'),
(194, 'Quần short nam Vintage Canim 095', 'quan-short-nam-vintage-canim-095-194', 'Quần short nam Vintage Canim 095 — chất liệu cotton cao cấp, form regular fit.', 'Quần short nam Vintage Canim 095. Sản phẩm thời trang nam với 3 màu Trắng, Xanh, Đen và đủ size S–XXL.', 'Canim', 1, 'ACTIVE'),
(195, 'Hoodie nam Vintage Canim 096', 'hoodie-nam-vintage-canim-096-195', 'Hoodie nam Vintage Canim 096 — chất liệu cotton cao cấp, form regular fit.', 'Hoodie nam Vintage Canim 096. Sản phẩm thời trang nam với 3 màu Trắng, Xanh, Đen và đủ size S–XXL.', 'Canim', 1, 'ACTIVE'),
(196, 'Áo khoác nam Vintage Canim 097', 'ao-khoac-nam-vintage-canim-097-196', 'Áo khoác nam Vintage Canim 097 — chất liệu cotton cao cấp, form regular fit.', 'Áo khoác nam Vintage Canim 097. Sản phẩm thời trang nam với 3 màu Trắng, Xanh, Đen và đủ size S–XXL.', 'Canim', 1, 'ACTIVE'),
(197, 'Áo len nam Vintage Canim 098', 'ao-len-nam-vintage-canim-098-197', 'Áo len nam Vintage Canim 098 — chất liệu cotton cao cấp, form regular fit.', 'Áo len nam Vintage Canim 098. Sản phẩm thời trang nam với 3 màu Trắng, Xanh, Đen và đủ size S–XXL.', 'Canim', 1, 'ACTIVE'),
(198, 'Quần jogger nam Vintage Canim 099', 'quan-jogger-nam-vintage-canim-099-198', 'Quần jogger nam Vintage Canim 099 — chất liệu cotton cao cấp, form regular fit.', 'Quần jogger nam Vintage Canim 099. Sản phẩm thời trang nam với 3 màu Trắng, Xanh, Đen và đủ size S–XXL.', 'Canim', 1, 'ACTIVE'),
(199, 'Áo tank top nam Vintage Canim 100', 'ao-tank-top-nam-vintage-canim-100-199', 'Áo tank top nam Vintage Canim 100 — chất liệu cotton cao cấp, form regular fit.', 'Áo tank top nam Vintage Canim 100. Sản phẩm thời trang nam với 3 màu Trắng, Xanh, Đen và đủ size S–XXL.', 'Canim', 1, 'ACTIVE');

INSERT IGNORE INTO product_variants (id, product_id, sku, color, size, price, is_active)
VALUES
(100000, 100, 'CNM-P100-TR-S', 'Trắng', 'S', 129000, 1),
(100001, 100, 'CNM-P100-TR-M', 'Trắng', 'M', 129000, 1),
(100002, 100, 'CNM-P100-TR-L', 'Trắng', 'L', 129000, 1),
(100003, 100, 'CNM-P100-TR-XL', 'Trắng', 'XL', 129000, 1),
(100004, 100, 'CNM-P100-TR-XXL', 'Trắng', 'XXL', 129000, 1),
(100005, 100, 'CNM-P100-XA-S', 'Xanh', 'S', 129000, 1),
(100006, 100, 'CNM-P100-XA-M', 'Xanh', 'M', 129000, 1),
(100007, 100, 'CNM-P100-XA-L', 'Xanh', 'L', 129000, 1),
(100008, 100, 'CNM-P100-XA-XL', 'Xanh', 'XL', 129000, 1),
(100009, 100, 'CNM-P100-XA-XXL', 'Xanh', 'XXL', 129000, 1),
(100010, 100, 'CNM-P100-DE-S', 'Đen', 'S', 129000, 1),
(100011, 100, 'CNM-P100-DE-M', 'Đen', 'M', 129000, 1),
(100012, 100, 'CNM-P100-DE-L', 'Đen', 'L', 129000, 1),
(100013, 100, 'CNM-P100-DE-XL', 'Đen', 'XL', 129000, 1),
(100014, 100, 'CNM-P100-DE-XXL', 'Đen', 'XXL', 129000, 1),
(100015, 101, 'CNM-P101-TR-S', 'Trắng', 'S', 139000, 1),
(100016, 101, 'CNM-P101-TR-M', 'Trắng', 'M', 139000, 1),
(100017, 101, 'CNM-P101-TR-L', 'Trắng', 'L', 139000, 1),
(100018, 101, 'CNM-P101-TR-XL', 'Trắng', 'XL', 139000, 1),
(100019, 101, 'CNM-P101-TR-XXL', 'Trắng', 'XXL', 139000, 1),
(100020, 101, 'CNM-P101-XA-S', 'Xanh', 'S', 139000, 1),
(100021, 101, 'CNM-P101-XA-M', 'Xanh', 'M', 139000, 1),
(100022, 101, 'CNM-P101-XA-L', 'Xanh', 'L', 139000, 1),
(100023, 101, 'CNM-P101-XA-XL', 'Xanh', 'XL', 139000, 1),
(100024, 101, 'CNM-P101-XA-XXL', 'Xanh', 'XXL', 139000, 1),
(100025, 101, 'CNM-P101-DE-S', 'Đen', 'S', 139000, 1),
(100026, 101, 'CNM-P101-DE-M', 'Đen', 'M', 139000, 1),
(100027, 101, 'CNM-P101-DE-L', 'Đen', 'L', 139000, 1),
(100028, 101, 'CNM-P101-DE-XL', 'Đen', 'XL', 139000, 1),
(100029, 101, 'CNM-P101-DE-XXL', 'Đen', 'XXL', 139000, 1),
(100030, 102, 'CNM-P102-TR-S', 'Trắng', 'S', 149000, 1),
(100031, 102, 'CNM-P102-TR-M', 'Trắng', 'M', 149000, 1),
(100032, 102, 'CNM-P102-TR-L', 'Trắng', 'L', 149000, 1),
(100033, 102, 'CNM-P102-TR-XL', 'Trắng', 'XL', 149000, 1),
(100034, 102, 'CNM-P102-TR-XXL', 'Trắng', 'XXL', 149000, 1),
(100035, 102, 'CNM-P102-XA-S', 'Xanh', 'S', 149000, 1),
(100036, 102, 'CNM-P102-XA-M', 'Xanh', 'M', 149000, 1),
(100037, 102, 'CNM-P102-XA-L', 'Xanh', 'L', 149000, 1),
(100038, 102, 'CNM-P102-XA-XL', 'Xanh', 'XL', 149000, 1),
(100039, 102, 'CNM-P102-XA-XXL', 'Xanh', 'XXL', 149000, 1),
(100040, 102, 'CNM-P102-DE-S', 'Đen', 'S', 149000, 1),
(100041, 102, 'CNM-P102-DE-M', 'Đen', 'M', 149000, 1),
(100042, 102, 'CNM-P102-DE-L', 'Đen', 'L', 149000, 1),
(100043, 102, 'CNM-P102-DE-XL', 'Đen', 'XL', 149000, 1),
(100044, 102, 'CNM-P102-DE-XXL', 'Đen', 'XXL', 149000, 1),
(100045, 103, 'CNM-P103-TR-S', 'Trắng', 'S', 159000, 1),
(100046, 103, 'CNM-P103-TR-M', 'Trắng', 'M', 159000, 1),
(100047, 103, 'CNM-P103-TR-L', 'Trắng', 'L', 159000, 1),
(100048, 103, 'CNM-P103-TR-XL', 'Trắng', 'XL', 159000, 1),
(100049, 103, 'CNM-P103-TR-XXL', 'Trắng', 'XXL', 159000, 1),
(100050, 103, 'CNM-P103-XA-S', 'Xanh', 'S', 159000, 1),
(100051, 103, 'CNM-P103-XA-M', 'Xanh', 'M', 159000, 1),
(100052, 103, 'CNM-P103-XA-L', 'Xanh', 'L', 159000, 1),
(100053, 103, 'CNM-P103-XA-XL', 'Xanh', 'XL', 159000, 1),
(100054, 103, 'CNM-P103-XA-XXL', 'Xanh', 'XXL', 159000, 1),
(100055, 103, 'CNM-P103-DE-S', 'Đen', 'S', 159000, 1),
(100056, 103, 'CNM-P103-DE-M', 'Đen', 'M', 159000, 1),
(100057, 103, 'CNM-P103-DE-L', 'Đen', 'L', 159000, 1),
(100058, 103, 'CNM-P103-DE-XL', 'Đen', 'XL', 159000, 1),
(100059, 103, 'CNM-P103-DE-XXL', 'Đen', 'XXL', 159000, 1),
(100060, 104, 'CNM-P104-TR-S', 'Trắng', 'S', 169000, 1),
(100061, 104, 'CNM-P104-TR-M', 'Trắng', 'M', 169000, 1),
(100062, 104, 'CNM-P104-TR-L', 'Trắng', 'L', 169000, 1),
(100063, 104, 'CNM-P104-TR-XL', 'Trắng', 'XL', 169000, 1),
(100064, 104, 'CNM-P104-TR-XXL', 'Trắng', 'XXL', 169000, 1),
(100065, 104, 'CNM-P104-XA-S', 'Xanh', 'S', 169000, 1),
(100066, 104, 'CNM-P104-XA-M', 'Xanh', 'M', 169000, 1),
(100067, 104, 'CNM-P104-XA-L', 'Xanh', 'L', 169000, 1),
(100068, 104, 'CNM-P104-XA-XL', 'Xanh', 'XL', 169000, 1),
(100069, 104, 'CNM-P104-XA-XXL', 'Xanh', 'XXL', 169000, 1),
(100070, 104, 'CNM-P104-DE-S', 'Đen', 'S', 169000, 1),
(100071, 104, 'CNM-P104-DE-M', 'Đen', 'M', 169000, 1),
(100072, 104, 'CNM-P104-DE-L', 'Đen', 'L', 169000, 1),
(100073, 104, 'CNM-P104-DE-XL', 'Đen', 'XL', 169000, 1),
(100074, 104, 'CNM-P104-DE-XXL', 'Đen', 'XXL', 169000, 1),
(100075, 105, 'CNM-P105-TR-S', 'Trắng', 'S', 179000, 1),
(100076, 105, 'CNM-P105-TR-M', 'Trắng', 'M', 179000, 1),
(100077, 105, 'CNM-P105-TR-L', 'Trắng', 'L', 179000, 1),
(100078, 105, 'CNM-P105-TR-XL', 'Trắng', 'XL', 179000, 1),
(100079, 105, 'CNM-P105-TR-XXL', 'Trắng', 'XXL', 179000, 1),
(100080, 105, 'CNM-P105-XA-S', 'Xanh', 'S', 179000, 1),
(100081, 105, 'CNM-P105-XA-M', 'Xanh', 'M', 179000, 1),
(100082, 105, 'CNM-P105-XA-L', 'Xanh', 'L', 179000, 1),
(100083, 105, 'CNM-P105-XA-XL', 'Xanh', 'XL', 179000, 1),
(100084, 105, 'CNM-P105-XA-XXL', 'Xanh', 'XXL', 179000, 1),
(100085, 105, 'CNM-P105-DE-S', 'Đen', 'S', 179000, 1),
(100086, 105, 'CNM-P105-DE-M', 'Đen', 'M', 179000, 1),
(100087, 105, 'CNM-P105-DE-L', 'Đen', 'L', 179000, 1),
(100088, 105, 'CNM-P105-DE-XL', 'Đen', 'XL', 179000, 1),
(100089, 105, 'CNM-P105-DE-XXL', 'Đen', 'XXL', 179000, 1),
(100090, 106, 'CNM-P106-TR-S', 'Trắng', 'S', 189000, 1),
(100091, 106, 'CNM-P106-TR-M', 'Trắng', 'M', 189000, 1),
(100092, 106, 'CNM-P106-TR-L', 'Trắng', 'L', 189000, 1),
(100093, 106, 'CNM-P106-TR-XL', 'Trắng', 'XL', 189000, 1),
(100094, 106, 'CNM-P106-TR-XXL', 'Trắng', 'XXL', 189000, 1),
(100095, 106, 'CNM-P106-XA-S', 'Xanh', 'S', 189000, 1),
(100096, 106, 'CNM-P106-XA-M', 'Xanh', 'M', 189000, 1),
(100097, 106, 'CNM-P106-XA-L', 'Xanh', 'L', 189000, 1),
(100098, 106, 'CNM-P106-XA-XL', 'Xanh', 'XL', 189000, 1),
(100099, 106, 'CNM-P106-XA-XXL', 'Xanh', 'XXL', 189000, 1),
(100100, 106, 'CNM-P106-DE-S', 'Đen', 'S', 189000, 1),
(100101, 106, 'CNM-P106-DE-M', 'Đen', 'M', 189000, 1),
(100102, 106, 'CNM-P106-DE-L', 'Đen', 'L', 189000, 1),
(100103, 106, 'CNM-P106-DE-XL', 'Đen', 'XL', 189000, 1),
(100104, 106, 'CNM-P106-DE-XXL', 'Đen', 'XXL', 189000, 1),
(100105, 107, 'CNM-P107-TR-S', 'Trắng', 'S', 199000, 1),
(100106, 107, 'CNM-P107-TR-M', 'Trắng', 'M', 199000, 1),
(100107, 107, 'CNM-P107-TR-L', 'Trắng', 'L', 199000, 1),
(100108, 107, 'CNM-P107-TR-XL', 'Trắng', 'XL', 199000, 1),
(100109, 107, 'CNM-P107-TR-XXL', 'Trắng', 'XXL', 199000, 1),
(100110, 107, 'CNM-P107-XA-S', 'Xanh', 'S', 199000, 1),
(100111, 107, 'CNM-P107-XA-M', 'Xanh', 'M', 199000, 1),
(100112, 107, 'CNM-P107-XA-L', 'Xanh', 'L', 199000, 1),
(100113, 107, 'CNM-P107-XA-XL', 'Xanh', 'XL', 199000, 1),
(100114, 107, 'CNM-P107-XA-XXL', 'Xanh', 'XXL', 199000, 1),
(100115, 107, 'CNM-P107-DE-S', 'Đen', 'S', 199000, 1),
(100116, 107, 'CNM-P107-DE-M', 'Đen', 'M', 199000, 1),
(100117, 107, 'CNM-P107-DE-L', 'Đen', 'L', 199000, 1),
(100118, 107, 'CNM-P107-DE-XL', 'Đen', 'XL', 199000, 1),
(100119, 107, 'CNM-P107-DE-XXL', 'Đen', 'XXL', 199000, 1),
(100120, 108, 'CNM-P108-TR-S', 'Trắng', 'S', 209000, 1),
(100121, 108, 'CNM-P108-TR-M', 'Trắng', 'M', 209000, 1),
(100122, 108, 'CNM-P108-TR-L', 'Trắng', 'L', 209000, 1),
(100123, 108, 'CNM-P108-TR-XL', 'Trắng', 'XL', 209000, 1),
(100124, 108, 'CNM-P108-TR-XXL', 'Trắng', 'XXL', 209000, 1),
(100125, 108, 'CNM-P108-XA-S', 'Xanh', 'S', 209000, 1),
(100126, 108, 'CNM-P108-XA-M', 'Xanh', 'M', 209000, 1),
(100127, 108, 'CNM-P108-XA-L', 'Xanh', 'L', 209000, 1),
(100128, 108, 'CNM-P108-XA-XL', 'Xanh', 'XL', 209000, 1),
(100129, 108, 'CNM-P108-XA-XXL', 'Xanh', 'XXL', 209000, 1),
(100130, 108, 'CNM-P108-DE-S', 'Đen', 'S', 209000, 1),
(100131, 108, 'CNM-P108-DE-M', 'Đen', 'M', 209000, 1),
(100132, 108, 'CNM-P108-DE-L', 'Đen', 'L', 209000, 1),
(100133, 108, 'CNM-P108-DE-XL', 'Đen', 'XL', 209000, 1),
(100134, 108, 'CNM-P108-DE-XXL', 'Đen', 'XXL', 209000, 1),
(100135, 109, 'CNM-P109-TR-S', 'Trắng', 'S', 219000, 1),
(100136, 109, 'CNM-P109-TR-M', 'Trắng', 'M', 219000, 1),
(100137, 109, 'CNM-P109-TR-L', 'Trắng', 'L', 219000, 1),
(100138, 109, 'CNM-P109-TR-XL', 'Trắng', 'XL', 219000, 1),
(100139, 109, 'CNM-P109-TR-XXL', 'Trắng', 'XXL', 219000, 1),
(100140, 109, 'CNM-P109-XA-S', 'Xanh', 'S', 219000, 1),
(100141, 109, 'CNM-P109-XA-M', 'Xanh', 'M', 219000, 1),
(100142, 109, 'CNM-P109-XA-L', 'Xanh', 'L', 219000, 1),
(100143, 109, 'CNM-P109-XA-XL', 'Xanh', 'XL', 219000, 1),
(100144, 109, 'CNM-P109-XA-XXL', 'Xanh', 'XXL', 219000, 1),
(100145, 109, 'CNM-P109-DE-S', 'Đen', 'S', 219000, 1),
(100146, 109, 'CNM-P109-DE-M', 'Đen', 'M', 219000, 1),
(100147, 109, 'CNM-P109-DE-L', 'Đen', 'L', 219000, 1),
(100148, 109, 'CNM-P109-DE-XL', 'Đen', 'XL', 219000, 1),
(100149, 109, 'CNM-P109-DE-XXL', 'Đen', 'XXL', 219000, 1),
(100150, 110, 'CNM-P110-TR-S', 'Trắng', 'S', 229000, 1),
(100151, 110, 'CNM-P110-TR-M', 'Trắng', 'M', 229000, 1),
(100152, 110, 'CNM-P110-TR-L', 'Trắng', 'L', 229000, 1),
(100153, 110, 'CNM-P110-TR-XL', 'Trắng', 'XL', 229000, 1),
(100154, 110, 'CNM-P110-TR-XXL', 'Trắng', 'XXL', 229000, 1),
(100155, 110, 'CNM-P110-XA-S', 'Xanh', 'S', 229000, 1),
(100156, 110, 'CNM-P110-XA-M', 'Xanh', 'M', 229000, 1),
(100157, 110, 'CNM-P110-XA-L', 'Xanh', 'L', 229000, 1),
(100158, 110, 'CNM-P110-XA-XL', 'Xanh', 'XL', 229000, 1),
(100159, 110, 'CNM-P110-XA-XXL', 'Xanh', 'XXL', 229000, 1),
(100160, 110, 'CNM-P110-DE-S', 'Đen', 'S', 229000, 1),
(100161, 110, 'CNM-P110-DE-M', 'Đen', 'M', 229000, 1),
(100162, 110, 'CNM-P110-DE-L', 'Đen', 'L', 229000, 1),
(100163, 110, 'CNM-P110-DE-XL', 'Đen', 'XL', 229000, 1),
(100164, 110, 'CNM-P110-DE-XXL', 'Đen', 'XXL', 229000, 1),
(100165, 111, 'CNM-P111-TR-S', 'Trắng', 'S', 239000, 1),
(100166, 111, 'CNM-P111-TR-M', 'Trắng', 'M', 239000, 1),
(100167, 111, 'CNM-P111-TR-L', 'Trắng', 'L', 239000, 1),
(100168, 111, 'CNM-P111-TR-XL', 'Trắng', 'XL', 239000, 1),
(100169, 111, 'CNM-P111-TR-XXL', 'Trắng', 'XXL', 239000, 1),
(100170, 111, 'CNM-P111-XA-S', 'Xanh', 'S', 239000, 1),
(100171, 111, 'CNM-P111-XA-M', 'Xanh', 'M', 239000, 1),
(100172, 111, 'CNM-P111-XA-L', 'Xanh', 'L', 239000, 1),
(100173, 111, 'CNM-P111-XA-XL', 'Xanh', 'XL', 239000, 1),
(100174, 111, 'CNM-P111-XA-XXL', 'Xanh', 'XXL', 239000, 1),
(100175, 111, 'CNM-P111-DE-S', 'Đen', 'S', 239000, 1),
(100176, 111, 'CNM-P111-DE-M', 'Đen', 'M', 239000, 1),
(100177, 111, 'CNM-P111-DE-L', 'Đen', 'L', 239000, 1),
(100178, 111, 'CNM-P111-DE-XL', 'Đen', 'XL', 239000, 1),
(100179, 111, 'CNM-P111-DE-XXL', 'Đen', 'XXL', 239000, 1),
(100180, 112, 'CNM-P112-TR-S', 'Trắng', 'S', 249000, 1),
(100181, 112, 'CNM-P112-TR-M', 'Trắng', 'M', 249000, 1),
(100182, 112, 'CNM-P112-TR-L', 'Trắng', 'L', 249000, 1),
(100183, 112, 'CNM-P112-TR-XL', 'Trắng', 'XL', 249000, 1),
(100184, 112, 'CNM-P112-TR-XXL', 'Trắng', 'XXL', 249000, 1),
(100185, 112, 'CNM-P112-XA-S', 'Xanh', 'S', 249000, 1),
(100186, 112, 'CNM-P112-XA-M', 'Xanh', 'M', 249000, 1),
(100187, 112, 'CNM-P112-XA-L', 'Xanh', 'L', 249000, 1),
(100188, 112, 'CNM-P112-XA-XL', 'Xanh', 'XL', 249000, 1),
(100189, 112, 'CNM-P112-XA-XXL', 'Xanh', 'XXL', 249000, 1),
(100190, 112, 'CNM-P112-DE-S', 'Đen', 'S', 249000, 1),
(100191, 112, 'CNM-P112-DE-M', 'Đen', 'M', 249000, 1),
(100192, 112, 'CNM-P112-DE-L', 'Đen', 'L', 249000, 1),
(100193, 112, 'CNM-P112-DE-XL', 'Đen', 'XL', 249000, 1),
(100194, 112, 'CNM-P112-DE-XXL', 'Đen', 'XXL', 249000, 1),
(100195, 113, 'CNM-P113-TR-S', 'Trắng', 'S', 259000, 1),
(100196, 113, 'CNM-P113-TR-M', 'Trắng', 'M', 259000, 1),
(100197, 113, 'CNM-P113-TR-L', 'Trắng', 'L', 259000, 1),
(100198, 113, 'CNM-P113-TR-XL', 'Trắng', 'XL', 259000, 1),
(100199, 113, 'CNM-P113-TR-XXL', 'Trắng', 'XXL', 259000, 1),
(100200, 113, 'CNM-P113-XA-S', 'Xanh', 'S', 259000, 1),
(100201, 113, 'CNM-P113-XA-M', 'Xanh', 'M', 259000, 1),
(100202, 113, 'CNM-P113-XA-L', 'Xanh', 'L', 259000, 1),
(100203, 113, 'CNM-P113-XA-XL', 'Xanh', 'XL', 259000, 1),
(100204, 113, 'CNM-P113-XA-XXL', 'Xanh', 'XXL', 259000, 1),
(100205, 113, 'CNM-P113-DE-S', 'Đen', 'S', 259000, 1),
(100206, 113, 'CNM-P113-DE-M', 'Đen', 'M', 259000, 1),
(100207, 113, 'CNM-P113-DE-L', 'Đen', 'L', 259000, 1),
(100208, 113, 'CNM-P113-DE-XL', 'Đen', 'XL', 259000, 1),
(100209, 113, 'CNM-P113-DE-XXL', 'Đen', 'XXL', 259000, 1),
(100210, 114, 'CNM-P114-TR-S', 'Trắng', 'S', 269000, 1),
(100211, 114, 'CNM-P114-TR-M', 'Trắng', 'M', 269000, 1),
(100212, 114, 'CNM-P114-TR-L', 'Trắng', 'L', 269000, 1),
(100213, 114, 'CNM-P114-TR-XL', 'Trắng', 'XL', 269000, 1),
(100214, 114, 'CNM-P114-TR-XXL', 'Trắng', 'XXL', 269000, 1),
(100215, 114, 'CNM-P114-XA-S', 'Xanh', 'S', 269000, 1),
(100216, 114, 'CNM-P114-XA-M', 'Xanh', 'M', 269000, 1),
(100217, 114, 'CNM-P114-XA-L', 'Xanh', 'L', 269000, 1),
(100218, 114, 'CNM-P114-XA-XL', 'Xanh', 'XL', 269000, 1),
(100219, 114, 'CNM-P114-XA-XXL', 'Xanh', 'XXL', 269000, 1),
(100220, 114, 'CNM-P114-DE-S', 'Đen', 'S', 269000, 1),
(100221, 114, 'CNM-P114-DE-M', 'Đen', 'M', 269000, 1),
(100222, 114, 'CNM-P114-DE-L', 'Đen', 'L', 269000, 1),
(100223, 114, 'CNM-P114-DE-XL', 'Đen', 'XL', 269000, 1),
(100224, 114, 'CNM-P114-DE-XXL', 'Đen', 'XXL', 269000, 1),
(100225, 115, 'CNM-P115-TR-S', 'Trắng', 'S', 279000, 1),
(100226, 115, 'CNM-P115-TR-M', 'Trắng', 'M', 279000, 1),
(100227, 115, 'CNM-P115-TR-L', 'Trắng', 'L', 279000, 1),
(100228, 115, 'CNM-P115-TR-XL', 'Trắng', 'XL', 279000, 1),
(100229, 115, 'CNM-P115-TR-XXL', 'Trắng', 'XXL', 279000, 1),
(100230, 115, 'CNM-P115-XA-S', 'Xanh', 'S', 279000, 1),
(100231, 115, 'CNM-P115-XA-M', 'Xanh', 'M', 279000, 1),
(100232, 115, 'CNM-P115-XA-L', 'Xanh', 'L', 279000, 1),
(100233, 115, 'CNM-P115-XA-XL', 'Xanh', 'XL', 279000, 1),
(100234, 115, 'CNM-P115-XA-XXL', 'Xanh', 'XXL', 279000, 1),
(100235, 115, 'CNM-P115-DE-S', 'Đen', 'S', 279000, 1),
(100236, 115, 'CNM-P115-DE-M', 'Đen', 'M', 279000, 1),
(100237, 115, 'CNM-P115-DE-L', 'Đen', 'L', 279000, 1),
(100238, 115, 'CNM-P115-DE-XL', 'Đen', 'XL', 279000, 1),
(100239, 115, 'CNM-P115-DE-XXL', 'Đen', 'XXL', 279000, 1),
(100240, 116, 'CNM-P116-TR-S', 'Trắng', 'S', 289000, 1),
(100241, 116, 'CNM-P116-TR-M', 'Trắng', 'M', 289000, 1),
(100242, 116, 'CNM-P116-TR-L', 'Trắng', 'L', 289000, 1),
(100243, 116, 'CNM-P116-TR-XL', 'Trắng', 'XL', 289000, 1),
(100244, 116, 'CNM-P116-TR-XXL', 'Trắng', 'XXL', 289000, 1),
(100245, 116, 'CNM-P116-XA-S', 'Xanh', 'S', 289000, 1),
(100246, 116, 'CNM-P116-XA-M', 'Xanh', 'M', 289000, 1),
(100247, 116, 'CNM-P116-XA-L', 'Xanh', 'L', 289000, 1),
(100248, 116, 'CNM-P116-XA-XL', 'Xanh', 'XL', 289000, 1),
(100249, 116, 'CNM-P116-XA-XXL', 'Xanh', 'XXL', 289000, 1),
(100250, 116, 'CNM-P116-DE-S', 'Đen', 'S', 289000, 1),
(100251, 116, 'CNM-P116-DE-M', 'Đen', 'M', 289000, 1),
(100252, 116, 'CNM-P116-DE-L', 'Đen', 'L', 289000, 1),
(100253, 116, 'CNM-P116-DE-XL', 'Đen', 'XL', 289000, 1),
(100254, 116, 'CNM-P116-DE-XXL', 'Đen', 'XXL', 289000, 1),
(100255, 117, 'CNM-P117-TR-S', 'Trắng', 'S', 299000, 1),
(100256, 117, 'CNM-P117-TR-M', 'Trắng', 'M', 299000, 1),
(100257, 117, 'CNM-P117-TR-L', 'Trắng', 'L', 299000, 1),
(100258, 117, 'CNM-P117-TR-XL', 'Trắng', 'XL', 299000, 1),
(100259, 117, 'CNM-P117-TR-XXL', 'Trắng', 'XXL', 299000, 1),
(100260, 117, 'CNM-P117-XA-S', 'Xanh', 'S', 299000, 1),
(100261, 117, 'CNM-P117-XA-M', 'Xanh', 'M', 299000, 1),
(100262, 117, 'CNM-P117-XA-L', 'Xanh', 'L', 299000, 1),
(100263, 117, 'CNM-P117-XA-XL', 'Xanh', 'XL', 299000, 1),
(100264, 117, 'CNM-P117-XA-XXL', 'Xanh', 'XXL', 299000, 1),
(100265, 117, 'CNM-P117-DE-S', 'Đen', 'S', 299000, 1),
(100266, 117, 'CNM-P117-DE-M', 'Đen', 'M', 299000, 1),
(100267, 117, 'CNM-P117-DE-L', 'Đen', 'L', 299000, 1),
(100268, 117, 'CNM-P117-DE-XL', 'Đen', 'XL', 299000, 1),
(100269, 117, 'CNM-P117-DE-XXL', 'Đen', 'XXL', 299000, 1),
(100270, 118, 'CNM-P118-TR-S', 'Trắng', 'S', 309000, 1),
(100271, 118, 'CNM-P118-TR-M', 'Trắng', 'M', 309000, 1),
(100272, 118, 'CNM-P118-TR-L', 'Trắng', 'L', 309000, 1),
(100273, 118, 'CNM-P118-TR-XL', 'Trắng', 'XL', 309000, 1),
(100274, 118, 'CNM-P118-TR-XXL', 'Trắng', 'XXL', 309000, 1),
(100275, 118, 'CNM-P118-XA-S', 'Xanh', 'S', 309000, 1),
(100276, 118, 'CNM-P118-XA-M', 'Xanh', 'M', 309000, 1),
(100277, 118, 'CNM-P118-XA-L', 'Xanh', 'L', 309000, 1),
(100278, 118, 'CNM-P118-XA-XL', 'Xanh', 'XL', 309000, 1),
(100279, 118, 'CNM-P118-XA-XXL', 'Xanh', 'XXL', 309000, 1),
(100280, 118, 'CNM-P118-DE-S', 'Đen', 'S', 309000, 1),
(100281, 118, 'CNM-P118-DE-M', 'Đen', 'M', 309000, 1),
(100282, 118, 'CNM-P118-DE-L', 'Đen', 'L', 309000, 1),
(100283, 118, 'CNM-P118-DE-XL', 'Đen', 'XL', 309000, 1),
(100284, 118, 'CNM-P118-DE-XXL', 'Đen', 'XXL', 309000, 1),
(100285, 119, 'CNM-P119-TR-S', 'Trắng', 'S', 319000, 1),
(100286, 119, 'CNM-P119-TR-M', 'Trắng', 'M', 319000, 1),
(100287, 119, 'CNM-P119-TR-L', 'Trắng', 'L', 319000, 1),
(100288, 119, 'CNM-P119-TR-XL', 'Trắng', 'XL', 319000, 1),
(100289, 119, 'CNM-P119-TR-XXL', 'Trắng', 'XXL', 319000, 1),
(100290, 119, 'CNM-P119-XA-S', 'Xanh', 'S', 319000, 1),
(100291, 119, 'CNM-P119-XA-M', 'Xanh', 'M', 319000, 1),
(100292, 119, 'CNM-P119-XA-L', 'Xanh', 'L', 319000, 1),
(100293, 119, 'CNM-P119-XA-XL', 'Xanh', 'XL', 319000, 1),
(100294, 119, 'CNM-P119-XA-XXL', 'Xanh', 'XXL', 319000, 1),
(100295, 119, 'CNM-P119-DE-S', 'Đen', 'S', 319000, 1),
(100296, 119, 'CNM-P119-DE-M', 'Đen', 'M', 319000, 1),
(100297, 119, 'CNM-P119-DE-L', 'Đen', 'L', 319000, 1),
(100298, 119, 'CNM-P119-DE-XL', 'Đen', 'XL', 319000, 1),
(100299, 119, 'CNM-P119-DE-XXL', 'Đen', 'XXL', 319000, 1),
(100300, 120, 'CNM-P120-TR-S', 'Trắng', 'S', 129000, 1),
(100301, 120, 'CNM-P120-TR-M', 'Trắng', 'M', 129000, 1),
(100302, 120, 'CNM-P120-TR-L', 'Trắng', 'L', 129000, 1),
(100303, 120, 'CNM-P120-TR-XL', 'Trắng', 'XL', 129000, 1),
(100304, 120, 'CNM-P120-TR-XXL', 'Trắng', 'XXL', 129000, 1),
(100305, 120, 'CNM-P120-XA-S', 'Xanh', 'S', 129000, 1),
(100306, 120, 'CNM-P120-XA-M', 'Xanh', 'M', 129000, 1),
(100307, 120, 'CNM-P120-XA-L', 'Xanh', 'L', 129000, 1),
(100308, 120, 'CNM-P120-XA-XL', 'Xanh', 'XL', 129000, 1),
(100309, 120, 'CNM-P120-XA-XXL', 'Xanh', 'XXL', 129000, 1),
(100310, 120, 'CNM-P120-DE-S', 'Đen', 'S', 129000, 1),
(100311, 120, 'CNM-P120-DE-M', 'Đen', 'M', 129000, 1),
(100312, 120, 'CNM-P120-DE-L', 'Đen', 'L', 129000, 1),
(100313, 120, 'CNM-P120-DE-XL', 'Đen', 'XL', 129000, 1),
(100314, 120, 'CNM-P120-DE-XXL', 'Đen', 'XXL', 129000, 1),
(100315, 121, 'CNM-P121-TR-S', 'Trắng', 'S', 139000, 1),
(100316, 121, 'CNM-P121-TR-M', 'Trắng', 'M', 139000, 1),
(100317, 121, 'CNM-P121-TR-L', 'Trắng', 'L', 139000, 1),
(100318, 121, 'CNM-P121-TR-XL', 'Trắng', 'XL', 139000, 1),
(100319, 121, 'CNM-P121-TR-XXL', 'Trắng', 'XXL', 139000, 1),
(100320, 121, 'CNM-P121-XA-S', 'Xanh', 'S', 139000, 1),
(100321, 121, 'CNM-P121-XA-M', 'Xanh', 'M', 139000, 1),
(100322, 121, 'CNM-P121-XA-L', 'Xanh', 'L', 139000, 1),
(100323, 121, 'CNM-P121-XA-XL', 'Xanh', 'XL', 139000, 1),
(100324, 121, 'CNM-P121-XA-XXL', 'Xanh', 'XXL', 139000, 1),
(100325, 121, 'CNM-P121-DE-S', 'Đen', 'S', 139000, 1),
(100326, 121, 'CNM-P121-DE-M', 'Đen', 'M', 139000, 1),
(100327, 121, 'CNM-P121-DE-L', 'Đen', 'L', 139000, 1),
(100328, 121, 'CNM-P121-DE-XL', 'Đen', 'XL', 139000, 1),
(100329, 121, 'CNM-P121-DE-XXL', 'Đen', 'XXL', 139000, 1),
(100330, 122, 'CNM-P122-TR-S', 'Trắng', 'S', 149000, 1),
(100331, 122, 'CNM-P122-TR-M', 'Trắng', 'M', 149000, 1),
(100332, 122, 'CNM-P122-TR-L', 'Trắng', 'L', 149000, 1),
(100333, 122, 'CNM-P122-TR-XL', 'Trắng', 'XL', 149000, 1),
(100334, 122, 'CNM-P122-TR-XXL', 'Trắng', 'XXL', 149000, 1),
(100335, 122, 'CNM-P122-XA-S', 'Xanh', 'S', 149000, 1),
(100336, 122, 'CNM-P122-XA-M', 'Xanh', 'M', 149000, 1),
(100337, 122, 'CNM-P122-XA-L', 'Xanh', 'L', 149000, 1),
(100338, 122, 'CNM-P122-XA-XL', 'Xanh', 'XL', 149000, 1),
(100339, 122, 'CNM-P122-XA-XXL', 'Xanh', 'XXL', 149000, 1),
(100340, 122, 'CNM-P122-DE-S', 'Đen', 'S', 149000, 1),
(100341, 122, 'CNM-P122-DE-M', 'Đen', 'M', 149000, 1),
(100342, 122, 'CNM-P122-DE-L', 'Đen', 'L', 149000, 1),
(100343, 122, 'CNM-P122-DE-XL', 'Đen', 'XL', 149000, 1),
(100344, 122, 'CNM-P122-DE-XXL', 'Đen', 'XXL', 149000, 1),
(100345, 123, 'CNM-P123-TR-S', 'Trắng', 'S', 159000, 1),
(100346, 123, 'CNM-P123-TR-M', 'Trắng', 'M', 159000, 1),
(100347, 123, 'CNM-P123-TR-L', 'Trắng', 'L', 159000, 1),
(100348, 123, 'CNM-P123-TR-XL', 'Trắng', 'XL', 159000, 1),
(100349, 123, 'CNM-P123-TR-XXL', 'Trắng', 'XXL', 159000, 1),
(100350, 123, 'CNM-P123-XA-S', 'Xanh', 'S', 159000, 1),
(100351, 123, 'CNM-P123-XA-M', 'Xanh', 'M', 159000, 1),
(100352, 123, 'CNM-P123-XA-L', 'Xanh', 'L', 159000, 1),
(100353, 123, 'CNM-P123-XA-XL', 'Xanh', 'XL', 159000, 1),
(100354, 123, 'CNM-P123-XA-XXL', 'Xanh', 'XXL', 159000, 1),
(100355, 123, 'CNM-P123-DE-S', 'Đen', 'S', 159000, 1),
(100356, 123, 'CNM-P123-DE-M', 'Đen', 'M', 159000, 1),
(100357, 123, 'CNM-P123-DE-L', 'Đen', 'L', 159000, 1),
(100358, 123, 'CNM-P123-DE-XL', 'Đen', 'XL', 159000, 1),
(100359, 123, 'CNM-P123-DE-XXL', 'Đen', 'XXL', 159000, 1),
(100360, 124, 'CNM-P124-TR-S', 'Trắng', 'S', 169000, 1),
(100361, 124, 'CNM-P124-TR-M', 'Trắng', 'M', 169000, 1),
(100362, 124, 'CNM-P124-TR-L', 'Trắng', 'L', 169000, 1),
(100363, 124, 'CNM-P124-TR-XL', 'Trắng', 'XL', 169000, 1),
(100364, 124, 'CNM-P124-TR-XXL', 'Trắng', 'XXL', 169000, 1),
(100365, 124, 'CNM-P124-XA-S', 'Xanh', 'S', 169000, 1),
(100366, 124, 'CNM-P124-XA-M', 'Xanh', 'M', 169000, 1),
(100367, 124, 'CNM-P124-XA-L', 'Xanh', 'L', 169000, 1),
(100368, 124, 'CNM-P124-XA-XL', 'Xanh', 'XL', 169000, 1),
(100369, 124, 'CNM-P124-XA-XXL', 'Xanh', 'XXL', 169000, 1),
(100370, 124, 'CNM-P124-DE-S', 'Đen', 'S', 169000, 1),
(100371, 124, 'CNM-P124-DE-M', 'Đen', 'M', 169000, 1),
(100372, 124, 'CNM-P124-DE-L', 'Đen', 'L', 169000, 1),
(100373, 124, 'CNM-P124-DE-XL', 'Đen', 'XL', 169000, 1),
(100374, 124, 'CNM-P124-DE-XXL', 'Đen', 'XXL', 169000, 1),
(100375, 125, 'CNM-P125-TR-S', 'Trắng', 'S', 179000, 1),
(100376, 125, 'CNM-P125-TR-M', 'Trắng', 'M', 179000, 1),
(100377, 125, 'CNM-P125-TR-L', 'Trắng', 'L', 179000, 1),
(100378, 125, 'CNM-P125-TR-XL', 'Trắng', 'XL', 179000, 1),
(100379, 125, 'CNM-P125-TR-XXL', 'Trắng', 'XXL', 179000, 1),
(100380, 125, 'CNM-P125-XA-S', 'Xanh', 'S', 179000, 1),
(100381, 125, 'CNM-P125-XA-M', 'Xanh', 'M', 179000, 1),
(100382, 125, 'CNM-P125-XA-L', 'Xanh', 'L', 179000, 1),
(100383, 125, 'CNM-P125-XA-XL', 'Xanh', 'XL', 179000, 1),
(100384, 125, 'CNM-P125-XA-XXL', 'Xanh', 'XXL', 179000, 1),
(100385, 125, 'CNM-P125-DE-S', 'Đen', 'S', 179000, 1),
(100386, 125, 'CNM-P125-DE-M', 'Đen', 'M', 179000, 1),
(100387, 125, 'CNM-P125-DE-L', 'Đen', 'L', 179000, 1),
(100388, 125, 'CNM-P125-DE-XL', 'Đen', 'XL', 179000, 1),
(100389, 125, 'CNM-P125-DE-XXL', 'Đen', 'XXL', 179000, 1),
(100390, 126, 'CNM-P126-TR-S', 'Trắng', 'S', 189000, 1),
(100391, 126, 'CNM-P126-TR-M', 'Trắng', 'M', 189000, 1),
(100392, 126, 'CNM-P126-TR-L', 'Trắng', 'L', 189000, 1),
(100393, 126, 'CNM-P126-TR-XL', 'Trắng', 'XL', 189000, 1),
(100394, 126, 'CNM-P126-TR-XXL', 'Trắng', 'XXL', 189000, 1),
(100395, 126, 'CNM-P126-XA-S', 'Xanh', 'S', 189000, 1),
(100396, 126, 'CNM-P126-XA-M', 'Xanh', 'M', 189000, 1),
(100397, 126, 'CNM-P126-XA-L', 'Xanh', 'L', 189000, 1),
(100398, 126, 'CNM-P126-XA-XL', 'Xanh', 'XL', 189000, 1),
(100399, 126, 'CNM-P126-XA-XXL', 'Xanh', 'XXL', 189000, 1),
(100400, 126, 'CNM-P126-DE-S', 'Đen', 'S', 189000, 1),
(100401, 126, 'CNM-P126-DE-M', 'Đen', 'M', 189000, 1),
(100402, 126, 'CNM-P126-DE-L', 'Đen', 'L', 189000, 1),
(100403, 126, 'CNM-P126-DE-XL', 'Đen', 'XL', 189000, 1),
(100404, 126, 'CNM-P126-DE-XXL', 'Đen', 'XXL', 189000, 1),
(100405, 127, 'CNM-P127-TR-S', 'Trắng', 'S', 199000, 1),
(100406, 127, 'CNM-P127-TR-M', 'Trắng', 'M', 199000, 1),
(100407, 127, 'CNM-P127-TR-L', 'Trắng', 'L', 199000, 1),
(100408, 127, 'CNM-P127-TR-XL', 'Trắng', 'XL', 199000, 1),
(100409, 127, 'CNM-P127-TR-XXL', 'Trắng', 'XXL', 199000, 1),
(100410, 127, 'CNM-P127-XA-S', 'Xanh', 'S', 199000, 1),
(100411, 127, 'CNM-P127-XA-M', 'Xanh', 'M', 199000, 1),
(100412, 127, 'CNM-P127-XA-L', 'Xanh', 'L', 199000, 1),
(100413, 127, 'CNM-P127-XA-XL', 'Xanh', 'XL', 199000, 1),
(100414, 127, 'CNM-P127-XA-XXL', 'Xanh', 'XXL', 199000, 1),
(100415, 127, 'CNM-P127-DE-S', 'Đen', 'S', 199000, 1),
(100416, 127, 'CNM-P127-DE-M', 'Đen', 'M', 199000, 1),
(100417, 127, 'CNM-P127-DE-L', 'Đen', 'L', 199000, 1),
(100418, 127, 'CNM-P127-DE-XL', 'Đen', 'XL', 199000, 1),
(100419, 127, 'CNM-P127-DE-XXL', 'Đen', 'XXL', 199000, 1),
(100420, 128, 'CNM-P128-TR-S', 'Trắng', 'S', 209000, 1),
(100421, 128, 'CNM-P128-TR-M', 'Trắng', 'M', 209000, 1),
(100422, 128, 'CNM-P128-TR-L', 'Trắng', 'L', 209000, 1),
(100423, 128, 'CNM-P128-TR-XL', 'Trắng', 'XL', 209000, 1),
(100424, 128, 'CNM-P128-TR-XXL', 'Trắng', 'XXL', 209000, 1),
(100425, 128, 'CNM-P128-XA-S', 'Xanh', 'S', 209000, 1),
(100426, 128, 'CNM-P128-XA-M', 'Xanh', 'M', 209000, 1),
(100427, 128, 'CNM-P128-XA-L', 'Xanh', 'L', 209000, 1),
(100428, 128, 'CNM-P128-XA-XL', 'Xanh', 'XL', 209000, 1),
(100429, 128, 'CNM-P128-XA-XXL', 'Xanh', 'XXL', 209000, 1),
(100430, 128, 'CNM-P128-DE-S', 'Đen', 'S', 209000, 1),
(100431, 128, 'CNM-P128-DE-M', 'Đen', 'M', 209000, 1),
(100432, 128, 'CNM-P128-DE-L', 'Đen', 'L', 209000, 1),
(100433, 128, 'CNM-P128-DE-XL', 'Đen', 'XL', 209000, 1),
(100434, 128, 'CNM-P128-DE-XXL', 'Đen', 'XXL', 209000, 1),
(100435, 129, 'CNM-P129-TR-S', 'Trắng', 'S', 219000, 1),
(100436, 129, 'CNM-P129-TR-M', 'Trắng', 'M', 219000, 1),
(100437, 129, 'CNM-P129-TR-L', 'Trắng', 'L', 219000, 1),
(100438, 129, 'CNM-P129-TR-XL', 'Trắng', 'XL', 219000, 1),
(100439, 129, 'CNM-P129-TR-XXL', 'Trắng', 'XXL', 219000, 1),
(100440, 129, 'CNM-P129-XA-S', 'Xanh', 'S', 219000, 1),
(100441, 129, 'CNM-P129-XA-M', 'Xanh', 'M', 219000, 1),
(100442, 129, 'CNM-P129-XA-L', 'Xanh', 'L', 219000, 1),
(100443, 129, 'CNM-P129-XA-XL', 'Xanh', 'XL', 219000, 1),
(100444, 129, 'CNM-P129-XA-XXL', 'Xanh', 'XXL', 219000, 1),
(100445, 129, 'CNM-P129-DE-S', 'Đen', 'S', 219000, 1),
(100446, 129, 'CNM-P129-DE-M', 'Đen', 'M', 219000, 1),
(100447, 129, 'CNM-P129-DE-L', 'Đen', 'L', 219000, 1),
(100448, 129, 'CNM-P129-DE-XL', 'Đen', 'XL', 219000, 1),
(100449, 129, 'CNM-P129-DE-XXL', 'Đen', 'XXL', 219000, 1),
(100450, 130, 'CNM-P130-TR-S', 'Trắng', 'S', 229000, 1),
(100451, 130, 'CNM-P130-TR-M', 'Trắng', 'M', 229000, 1),
(100452, 130, 'CNM-P130-TR-L', 'Trắng', 'L', 229000, 1),
(100453, 130, 'CNM-P130-TR-XL', 'Trắng', 'XL', 229000, 1),
(100454, 130, 'CNM-P130-TR-XXL', 'Trắng', 'XXL', 229000, 1),
(100455, 130, 'CNM-P130-XA-S', 'Xanh', 'S', 229000, 1),
(100456, 130, 'CNM-P130-XA-M', 'Xanh', 'M', 229000, 1),
(100457, 130, 'CNM-P130-XA-L', 'Xanh', 'L', 229000, 1),
(100458, 130, 'CNM-P130-XA-XL', 'Xanh', 'XL', 229000, 1),
(100459, 130, 'CNM-P130-XA-XXL', 'Xanh', 'XXL', 229000, 1),
(100460, 130, 'CNM-P130-DE-S', 'Đen', 'S', 229000, 1),
(100461, 130, 'CNM-P130-DE-M', 'Đen', 'M', 229000, 1),
(100462, 130, 'CNM-P130-DE-L', 'Đen', 'L', 229000, 1),
(100463, 130, 'CNM-P130-DE-XL', 'Đen', 'XL', 229000, 1),
(100464, 130, 'CNM-P130-DE-XXL', 'Đen', 'XXL', 229000, 1),
(100465, 131, 'CNM-P131-TR-S', 'Trắng', 'S', 239000, 1),
(100466, 131, 'CNM-P131-TR-M', 'Trắng', 'M', 239000, 1),
(100467, 131, 'CNM-P131-TR-L', 'Trắng', 'L', 239000, 1),
(100468, 131, 'CNM-P131-TR-XL', 'Trắng', 'XL', 239000, 1),
(100469, 131, 'CNM-P131-TR-XXL', 'Trắng', 'XXL', 239000, 1),
(100470, 131, 'CNM-P131-XA-S', 'Xanh', 'S', 239000, 1),
(100471, 131, 'CNM-P131-XA-M', 'Xanh', 'M', 239000, 1),
(100472, 131, 'CNM-P131-XA-L', 'Xanh', 'L', 239000, 1),
(100473, 131, 'CNM-P131-XA-XL', 'Xanh', 'XL', 239000, 1),
(100474, 131, 'CNM-P131-XA-XXL', 'Xanh', 'XXL', 239000, 1),
(100475, 131, 'CNM-P131-DE-S', 'Đen', 'S', 239000, 1),
(100476, 131, 'CNM-P131-DE-M', 'Đen', 'M', 239000, 1),
(100477, 131, 'CNM-P131-DE-L', 'Đen', 'L', 239000, 1),
(100478, 131, 'CNM-P131-DE-XL', 'Đen', 'XL', 239000, 1),
(100479, 131, 'CNM-P131-DE-XXL', 'Đen', 'XXL', 239000, 1),
(100480, 132, 'CNM-P132-TR-S', 'Trắng', 'S', 249000, 1),
(100481, 132, 'CNM-P132-TR-M', 'Trắng', 'M', 249000, 1),
(100482, 132, 'CNM-P132-TR-L', 'Trắng', 'L', 249000, 1),
(100483, 132, 'CNM-P132-TR-XL', 'Trắng', 'XL', 249000, 1),
(100484, 132, 'CNM-P132-TR-XXL', 'Trắng', 'XXL', 249000, 1),
(100485, 132, 'CNM-P132-XA-S', 'Xanh', 'S', 249000, 1),
(100486, 132, 'CNM-P132-XA-M', 'Xanh', 'M', 249000, 1),
(100487, 132, 'CNM-P132-XA-L', 'Xanh', 'L', 249000, 1),
(100488, 132, 'CNM-P132-XA-XL', 'Xanh', 'XL', 249000, 1),
(100489, 132, 'CNM-P132-XA-XXL', 'Xanh', 'XXL', 249000, 1),
(100490, 132, 'CNM-P132-DE-S', 'Đen', 'S', 249000, 1),
(100491, 132, 'CNM-P132-DE-M', 'Đen', 'M', 249000, 1),
(100492, 132, 'CNM-P132-DE-L', 'Đen', 'L', 249000, 1),
(100493, 132, 'CNM-P132-DE-XL', 'Đen', 'XL', 249000, 1),
(100494, 132, 'CNM-P132-DE-XXL', 'Đen', 'XXL', 249000, 1),
(100495, 133, 'CNM-P133-TR-S', 'Trắng', 'S', 259000, 1),
(100496, 133, 'CNM-P133-TR-M', 'Trắng', 'M', 259000, 1),
(100497, 133, 'CNM-P133-TR-L', 'Trắng', 'L', 259000, 1),
(100498, 133, 'CNM-P133-TR-XL', 'Trắng', 'XL', 259000, 1),
(100499, 133, 'CNM-P133-TR-XXL', 'Trắng', 'XXL', 259000, 1),
(100500, 133, 'CNM-P133-XA-S', 'Xanh', 'S', 259000, 1),
(100501, 133, 'CNM-P133-XA-M', 'Xanh', 'M', 259000, 1),
(100502, 133, 'CNM-P133-XA-L', 'Xanh', 'L', 259000, 1),
(100503, 133, 'CNM-P133-XA-XL', 'Xanh', 'XL', 259000, 1),
(100504, 133, 'CNM-P133-XA-XXL', 'Xanh', 'XXL', 259000, 1),
(100505, 133, 'CNM-P133-DE-S', 'Đen', 'S', 259000, 1),
(100506, 133, 'CNM-P133-DE-M', 'Đen', 'M', 259000, 1),
(100507, 133, 'CNM-P133-DE-L', 'Đen', 'L', 259000, 1),
(100508, 133, 'CNM-P133-DE-XL', 'Đen', 'XL', 259000, 1),
(100509, 133, 'CNM-P133-DE-XXL', 'Đen', 'XXL', 259000, 1),
(100510, 134, 'CNM-P134-TR-S', 'Trắng', 'S', 269000, 1),
(100511, 134, 'CNM-P134-TR-M', 'Trắng', 'M', 269000, 1),
(100512, 134, 'CNM-P134-TR-L', 'Trắng', 'L', 269000, 1),
(100513, 134, 'CNM-P134-TR-XL', 'Trắng', 'XL', 269000, 1),
(100514, 134, 'CNM-P134-TR-XXL', 'Trắng', 'XXL', 269000, 1),
(100515, 134, 'CNM-P134-XA-S', 'Xanh', 'S', 269000, 1),
(100516, 134, 'CNM-P134-XA-M', 'Xanh', 'M', 269000, 1),
(100517, 134, 'CNM-P134-XA-L', 'Xanh', 'L', 269000, 1),
(100518, 134, 'CNM-P134-XA-XL', 'Xanh', 'XL', 269000, 1),
(100519, 134, 'CNM-P134-XA-XXL', 'Xanh', 'XXL', 269000, 1),
(100520, 134, 'CNM-P134-DE-S', 'Đen', 'S', 269000, 1),
(100521, 134, 'CNM-P134-DE-M', 'Đen', 'M', 269000, 1),
(100522, 134, 'CNM-P134-DE-L', 'Đen', 'L', 269000, 1),
(100523, 134, 'CNM-P134-DE-XL', 'Đen', 'XL', 269000, 1),
(100524, 134, 'CNM-P134-DE-XXL', 'Đen', 'XXL', 269000, 1),
(100525, 135, 'CNM-P135-TR-S', 'Trắng', 'S', 279000, 1),
(100526, 135, 'CNM-P135-TR-M', 'Trắng', 'M', 279000, 1),
(100527, 135, 'CNM-P135-TR-L', 'Trắng', 'L', 279000, 1),
(100528, 135, 'CNM-P135-TR-XL', 'Trắng', 'XL', 279000, 1),
(100529, 135, 'CNM-P135-TR-XXL', 'Trắng', 'XXL', 279000, 1),
(100530, 135, 'CNM-P135-XA-S', 'Xanh', 'S', 279000, 1),
(100531, 135, 'CNM-P135-XA-M', 'Xanh', 'M', 279000, 1),
(100532, 135, 'CNM-P135-XA-L', 'Xanh', 'L', 279000, 1),
(100533, 135, 'CNM-P135-XA-XL', 'Xanh', 'XL', 279000, 1),
(100534, 135, 'CNM-P135-XA-XXL', 'Xanh', 'XXL', 279000, 1),
(100535, 135, 'CNM-P135-DE-S', 'Đen', 'S', 279000, 1),
(100536, 135, 'CNM-P135-DE-M', 'Đen', 'M', 279000, 1),
(100537, 135, 'CNM-P135-DE-L', 'Đen', 'L', 279000, 1),
(100538, 135, 'CNM-P135-DE-XL', 'Đen', 'XL', 279000, 1),
(100539, 135, 'CNM-P135-DE-XXL', 'Đen', 'XXL', 279000, 1),
(100540, 136, 'CNM-P136-TR-S', 'Trắng', 'S', 289000, 1),
(100541, 136, 'CNM-P136-TR-M', 'Trắng', 'M', 289000, 1),
(100542, 136, 'CNM-P136-TR-L', 'Trắng', 'L', 289000, 1),
(100543, 136, 'CNM-P136-TR-XL', 'Trắng', 'XL', 289000, 1),
(100544, 136, 'CNM-P136-TR-XXL', 'Trắng', 'XXL', 289000, 1),
(100545, 136, 'CNM-P136-XA-S', 'Xanh', 'S', 289000, 1),
(100546, 136, 'CNM-P136-XA-M', 'Xanh', 'M', 289000, 1),
(100547, 136, 'CNM-P136-XA-L', 'Xanh', 'L', 289000, 1),
(100548, 136, 'CNM-P136-XA-XL', 'Xanh', 'XL', 289000, 1),
(100549, 136, 'CNM-P136-XA-XXL', 'Xanh', 'XXL', 289000, 1),
(100550, 136, 'CNM-P136-DE-S', 'Đen', 'S', 289000, 1),
(100551, 136, 'CNM-P136-DE-M', 'Đen', 'M', 289000, 1),
(100552, 136, 'CNM-P136-DE-L', 'Đen', 'L', 289000, 1),
(100553, 136, 'CNM-P136-DE-XL', 'Đen', 'XL', 289000, 1),
(100554, 136, 'CNM-P136-DE-XXL', 'Đen', 'XXL', 289000, 1),
(100555, 137, 'CNM-P137-TR-S', 'Trắng', 'S', 299000, 1),
(100556, 137, 'CNM-P137-TR-M', 'Trắng', 'M', 299000, 1),
(100557, 137, 'CNM-P137-TR-L', 'Trắng', 'L', 299000, 1),
(100558, 137, 'CNM-P137-TR-XL', 'Trắng', 'XL', 299000, 1),
(100559, 137, 'CNM-P137-TR-XXL', 'Trắng', 'XXL', 299000, 1),
(100560, 137, 'CNM-P137-XA-S', 'Xanh', 'S', 299000, 1),
(100561, 137, 'CNM-P137-XA-M', 'Xanh', 'M', 299000, 1),
(100562, 137, 'CNM-P137-XA-L', 'Xanh', 'L', 299000, 1),
(100563, 137, 'CNM-P137-XA-XL', 'Xanh', 'XL', 299000, 1),
(100564, 137, 'CNM-P137-XA-XXL', 'Xanh', 'XXL', 299000, 1),
(100565, 137, 'CNM-P137-DE-S', 'Đen', 'S', 299000, 1),
(100566, 137, 'CNM-P137-DE-M', 'Đen', 'M', 299000, 1),
(100567, 137, 'CNM-P137-DE-L', 'Đen', 'L', 299000, 1),
(100568, 137, 'CNM-P137-DE-XL', 'Đen', 'XL', 299000, 1),
(100569, 137, 'CNM-P137-DE-XXL', 'Đen', 'XXL', 299000, 1),
(100570, 138, 'CNM-P138-TR-S', 'Trắng', 'S', 309000, 1),
(100571, 138, 'CNM-P138-TR-M', 'Trắng', 'M', 309000, 1),
(100572, 138, 'CNM-P138-TR-L', 'Trắng', 'L', 309000, 1),
(100573, 138, 'CNM-P138-TR-XL', 'Trắng', 'XL', 309000, 1),
(100574, 138, 'CNM-P138-TR-XXL', 'Trắng', 'XXL', 309000, 1),
(100575, 138, 'CNM-P138-XA-S', 'Xanh', 'S', 309000, 1),
(100576, 138, 'CNM-P138-XA-M', 'Xanh', 'M', 309000, 1),
(100577, 138, 'CNM-P138-XA-L', 'Xanh', 'L', 309000, 1),
(100578, 138, 'CNM-P138-XA-XL', 'Xanh', 'XL', 309000, 1),
(100579, 138, 'CNM-P138-XA-XXL', 'Xanh', 'XXL', 309000, 1),
(100580, 138, 'CNM-P138-DE-S', 'Đen', 'S', 309000, 1),
(100581, 138, 'CNM-P138-DE-M', 'Đen', 'M', 309000, 1),
(100582, 138, 'CNM-P138-DE-L', 'Đen', 'L', 309000, 1),
(100583, 138, 'CNM-P138-DE-XL', 'Đen', 'XL', 309000, 1),
(100584, 138, 'CNM-P138-DE-XXL', 'Đen', 'XXL', 309000, 1),
(100585, 139, 'CNM-P139-TR-S', 'Trắng', 'S', 319000, 1),
(100586, 139, 'CNM-P139-TR-M', 'Trắng', 'M', 319000, 1),
(100587, 139, 'CNM-P139-TR-L', 'Trắng', 'L', 319000, 1),
(100588, 139, 'CNM-P139-TR-XL', 'Trắng', 'XL', 319000, 1),
(100589, 139, 'CNM-P139-TR-XXL', 'Trắng', 'XXL', 319000, 1),
(100590, 139, 'CNM-P139-XA-S', 'Xanh', 'S', 319000, 1),
(100591, 139, 'CNM-P139-XA-M', 'Xanh', 'M', 319000, 1),
(100592, 139, 'CNM-P139-XA-L', 'Xanh', 'L', 319000, 1),
(100593, 139, 'CNM-P139-XA-XL', 'Xanh', 'XL', 319000, 1),
(100594, 139, 'CNM-P139-XA-XXL', 'Xanh', 'XXL', 319000, 1),
(100595, 139, 'CNM-P139-DE-S', 'Đen', 'S', 319000, 1),
(100596, 139, 'CNM-P139-DE-M', 'Đen', 'M', 319000, 1),
(100597, 139, 'CNM-P139-DE-L', 'Đen', 'L', 319000, 1),
(100598, 139, 'CNM-P139-DE-XL', 'Đen', 'XL', 319000, 1),
(100599, 139, 'CNM-P139-DE-XXL', 'Đen', 'XXL', 319000, 1),
(100600, 140, 'CNM-P140-TR-S', 'Trắng', 'S', 129000, 1),
(100601, 140, 'CNM-P140-TR-M', 'Trắng', 'M', 129000, 1),
(100602, 140, 'CNM-P140-TR-L', 'Trắng', 'L', 129000, 1),
(100603, 140, 'CNM-P140-TR-XL', 'Trắng', 'XL', 129000, 1),
(100604, 140, 'CNM-P140-TR-XXL', 'Trắng', 'XXL', 129000, 1),
(100605, 140, 'CNM-P140-XA-S', 'Xanh', 'S', 129000, 1),
(100606, 140, 'CNM-P140-XA-M', 'Xanh', 'M', 129000, 1),
(100607, 140, 'CNM-P140-XA-L', 'Xanh', 'L', 129000, 1),
(100608, 140, 'CNM-P140-XA-XL', 'Xanh', 'XL', 129000, 1),
(100609, 140, 'CNM-P140-XA-XXL', 'Xanh', 'XXL', 129000, 1),
(100610, 140, 'CNM-P140-DE-S', 'Đen', 'S', 129000, 1),
(100611, 140, 'CNM-P140-DE-M', 'Đen', 'M', 129000, 1),
(100612, 140, 'CNM-P140-DE-L', 'Đen', 'L', 129000, 1),
(100613, 140, 'CNM-P140-DE-XL', 'Đen', 'XL', 129000, 1),
(100614, 140, 'CNM-P140-DE-XXL', 'Đen', 'XXL', 129000, 1),
(100615, 141, 'CNM-P141-TR-S', 'Trắng', 'S', 139000, 1),
(100616, 141, 'CNM-P141-TR-M', 'Trắng', 'M', 139000, 1),
(100617, 141, 'CNM-P141-TR-L', 'Trắng', 'L', 139000, 1),
(100618, 141, 'CNM-P141-TR-XL', 'Trắng', 'XL', 139000, 1),
(100619, 141, 'CNM-P141-TR-XXL', 'Trắng', 'XXL', 139000, 1),
(100620, 141, 'CNM-P141-XA-S', 'Xanh', 'S', 139000, 1),
(100621, 141, 'CNM-P141-XA-M', 'Xanh', 'M', 139000, 1),
(100622, 141, 'CNM-P141-XA-L', 'Xanh', 'L', 139000, 1),
(100623, 141, 'CNM-P141-XA-XL', 'Xanh', 'XL', 139000, 1),
(100624, 141, 'CNM-P141-XA-XXL', 'Xanh', 'XXL', 139000, 1),
(100625, 141, 'CNM-P141-DE-S', 'Đen', 'S', 139000, 1),
(100626, 141, 'CNM-P141-DE-M', 'Đen', 'M', 139000, 1),
(100627, 141, 'CNM-P141-DE-L', 'Đen', 'L', 139000, 1),
(100628, 141, 'CNM-P141-DE-XL', 'Đen', 'XL', 139000, 1),
(100629, 141, 'CNM-P141-DE-XXL', 'Đen', 'XXL', 139000, 1),
(100630, 142, 'CNM-P142-TR-S', 'Trắng', 'S', 149000, 1),
(100631, 142, 'CNM-P142-TR-M', 'Trắng', 'M', 149000, 1),
(100632, 142, 'CNM-P142-TR-L', 'Trắng', 'L', 149000, 1),
(100633, 142, 'CNM-P142-TR-XL', 'Trắng', 'XL', 149000, 1),
(100634, 142, 'CNM-P142-TR-XXL', 'Trắng', 'XXL', 149000, 1),
(100635, 142, 'CNM-P142-XA-S', 'Xanh', 'S', 149000, 1),
(100636, 142, 'CNM-P142-XA-M', 'Xanh', 'M', 149000, 1),
(100637, 142, 'CNM-P142-XA-L', 'Xanh', 'L', 149000, 1),
(100638, 142, 'CNM-P142-XA-XL', 'Xanh', 'XL', 149000, 1),
(100639, 142, 'CNM-P142-XA-XXL', 'Xanh', 'XXL', 149000, 1),
(100640, 142, 'CNM-P142-DE-S', 'Đen', 'S', 149000, 1),
(100641, 142, 'CNM-P142-DE-M', 'Đen', 'M', 149000, 1),
(100642, 142, 'CNM-P142-DE-L', 'Đen', 'L', 149000, 1),
(100643, 142, 'CNM-P142-DE-XL', 'Đen', 'XL', 149000, 1),
(100644, 142, 'CNM-P142-DE-XXL', 'Đen', 'XXL', 149000, 1),
(100645, 143, 'CNM-P143-TR-S', 'Trắng', 'S', 159000, 1),
(100646, 143, 'CNM-P143-TR-M', 'Trắng', 'M', 159000, 1),
(100647, 143, 'CNM-P143-TR-L', 'Trắng', 'L', 159000, 1),
(100648, 143, 'CNM-P143-TR-XL', 'Trắng', 'XL', 159000, 1),
(100649, 143, 'CNM-P143-TR-XXL', 'Trắng', 'XXL', 159000, 1),
(100650, 143, 'CNM-P143-XA-S', 'Xanh', 'S', 159000, 1),
(100651, 143, 'CNM-P143-XA-M', 'Xanh', 'M', 159000, 1),
(100652, 143, 'CNM-P143-XA-L', 'Xanh', 'L', 159000, 1),
(100653, 143, 'CNM-P143-XA-XL', 'Xanh', 'XL', 159000, 1),
(100654, 143, 'CNM-P143-XA-XXL', 'Xanh', 'XXL', 159000, 1),
(100655, 143, 'CNM-P143-DE-S', 'Đen', 'S', 159000, 1),
(100656, 143, 'CNM-P143-DE-M', 'Đen', 'M', 159000, 1),
(100657, 143, 'CNM-P143-DE-L', 'Đen', 'L', 159000, 1),
(100658, 143, 'CNM-P143-DE-XL', 'Đen', 'XL', 159000, 1),
(100659, 143, 'CNM-P143-DE-XXL', 'Đen', 'XXL', 159000, 1),
(100660, 144, 'CNM-P144-TR-S', 'Trắng', 'S', 169000, 1),
(100661, 144, 'CNM-P144-TR-M', 'Trắng', 'M', 169000, 1),
(100662, 144, 'CNM-P144-TR-L', 'Trắng', 'L', 169000, 1),
(100663, 144, 'CNM-P144-TR-XL', 'Trắng', 'XL', 169000, 1),
(100664, 144, 'CNM-P144-TR-XXL', 'Trắng', 'XXL', 169000, 1),
(100665, 144, 'CNM-P144-XA-S', 'Xanh', 'S', 169000, 1),
(100666, 144, 'CNM-P144-XA-M', 'Xanh', 'M', 169000, 1),
(100667, 144, 'CNM-P144-XA-L', 'Xanh', 'L', 169000, 1),
(100668, 144, 'CNM-P144-XA-XL', 'Xanh', 'XL', 169000, 1),
(100669, 144, 'CNM-P144-XA-XXL', 'Xanh', 'XXL', 169000, 1),
(100670, 144, 'CNM-P144-DE-S', 'Đen', 'S', 169000, 1),
(100671, 144, 'CNM-P144-DE-M', 'Đen', 'M', 169000, 1),
(100672, 144, 'CNM-P144-DE-L', 'Đen', 'L', 169000, 1),
(100673, 144, 'CNM-P144-DE-XL', 'Đen', 'XL', 169000, 1),
(100674, 144, 'CNM-P144-DE-XXL', 'Đen', 'XXL', 169000, 1),
(100675, 145, 'CNM-P145-TR-S', 'Trắng', 'S', 179000, 1),
(100676, 145, 'CNM-P145-TR-M', 'Trắng', 'M', 179000, 1),
(100677, 145, 'CNM-P145-TR-L', 'Trắng', 'L', 179000, 1),
(100678, 145, 'CNM-P145-TR-XL', 'Trắng', 'XL', 179000, 1),
(100679, 145, 'CNM-P145-TR-XXL', 'Trắng', 'XXL', 179000, 1),
(100680, 145, 'CNM-P145-XA-S', 'Xanh', 'S', 179000, 1),
(100681, 145, 'CNM-P145-XA-M', 'Xanh', 'M', 179000, 1),
(100682, 145, 'CNM-P145-XA-L', 'Xanh', 'L', 179000, 1),
(100683, 145, 'CNM-P145-XA-XL', 'Xanh', 'XL', 179000, 1),
(100684, 145, 'CNM-P145-XA-XXL', 'Xanh', 'XXL', 179000, 1),
(100685, 145, 'CNM-P145-DE-S', 'Đen', 'S', 179000, 1),
(100686, 145, 'CNM-P145-DE-M', 'Đen', 'M', 179000, 1),
(100687, 145, 'CNM-P145-DE-L', 'Đen', 'L', 179000, 1),
(100688, 145, 'CNM-P145-DE-XL', 'Đen', 'XL', 179000, 1),
(100689, 145, 'CNM-P145-DE-XXL', 'Đen', 'XXL', 179000, 1),
(100690, 146, 'CNM-P146-TR-S', 'Trắng', 'S', 189000, 1),
(100691, 146, 'CNM-P146-TR-M', 'Trắng', 'M', 189000, 1),
(100692, 146, 'CNM-P146-TR-L', 'Trắng', 'L', 189000, 1),
(100693, 146, 'CNM-P146-TR-XL', 'Trắng', 'XL', 189000, 1),
(100694, 146, 'CNM-P146-TR-XXL', 'Trắng', 'XXL', 189000, 1),
(100695, 146, 'CNM-P146-XA-S', 'Xanh', 'S', 189000, 1),
(100696, 146, 'CNM-P146-XA-M', 'Xanh', 'M', 189000, 1),
(100697, 146, 'CNM-P146-XA-L', 'Xanh', 'L', 189000, 1),
(100698, 146, 'CNM-P146-XA-XL', 'Xanh', 'XL', 189000, 1),
(100699, 146, 'CNM-P146-XA-XXL', 'Xanh', 'XXL', 189000, 1),
(100700, 146, 'CNM-P146-DE-S', 'Đen', 'S', 189000, 1),
(100701, 146, 'CNM-P146-DE-M', 'Đen', 'M', 189000, 1),
(100702, 146, 'CNM-P146-DE-L', 'Đen', 'L', 189000, 1),
(100703, 146, 'CNM-P146-DE-XL', 'Đen', 'XL', 189000, 1),
(100704, 146, 'CNM-P146-DE-XXL', 'Đen', 'XXL', 189000, 1),
(100705, 147, 'CNM-P147-TR-S', 'Trắng', 'S', 199000, 1),
(100706, 147, 'CNM-P147-TR-M', 'Trắng', 'M', 199000, 1),
(100707, 147, 'CNM-P147-TR-L', 'Trắng', 'L', 199000, 1),
(100708, 147, 'CNM-P147-TR-XL', 'Trắng', 'XL', 199000, 1),
(100709, 147, 'CNM-P147-TR-XXL', 'Trắng', 'XXL', 199000, 1),
(100710, 147, 'CNM-P147-XA-S', 'Xanh', 'S', 199000, 1),
(100711, 147, 'CNM-P147-XA-M', 'Xanh', 'M', 199000, 1),
(100712, 147, 'CNM-P147-XA-L', 'Xanh', 'L', 199000, 1),
(100713, 147, 'CNM-P147-XA-XL', 'Xanh', 'XL', 199000, 1),
(100714, 147, 'CNM-P147-XA-XXL', 'Xanh', 'XXL', 199000, 1),
(100715, 147, 'CNM-P147-DE-S', 'Đen', 'S', 199000, 1),
(100716, 147, 'CNM-P147-DE-M', 'Đen', 'M', 199000, 1),
(100717, 147, 'CNM-P147-DE-L', 'Đen', 'L', 199000, 1),
(100718, 147, 'CNM-P147-DE-XL', 'Đen', 'XL', 199000, 1),
(100719, 147, 'CNM-P147-DE-XXL', 'Đen', 'XXL', 199000, 1),
(100720, 148, 'CNM-P148-TR-S', 'Trắng', 'S', 209000, 1),
(100721, 148, 'CNM-P148-TR-M', 'Trắng', 'M', 209000, 1),
(100722, 148, 'CNM-P148-TR-L', 'Trắng', 'L', 209000, 1),
(100723, 148, 'CNM-P148-TR-XL', 'Trắng', 'XL', 209000, 1),
(100724, 148, 'CNM-P148-TR-XXL', 'Trắng', 'XXL', 209000, 1),
(100725, 148, 'CNM-P148-XA-S', 'Xanh', 'S', 209000, 1),
(100726, 148, 'CNM-P148-XA-M', 'Xanh', 'M', 209000, 1),
(100727, 148, 'CNM-P148-XA-L', 'Xanh', 'L', 209000, 1),
(100728, 148, 'CNM-P148-XA-XL', 'Xanh', 'XL', 209000, 1),
(100729, 148, 'CNM-P148-XA-XXL', 'Xanh', 'XXL', 209000, 1),
(100730, 148, 'CNM-P148-DE-S', 'Đen', 'S', 209000, 1),
(100731, 148, 'CNM-P148-DE-M', 'Đen', 'M', 209000, 1),
(100732, 148, 'CNM-P148-DE-L', 'Đen', 'L', 209000, 1),
(100733, 148, 'CNM-P148-DE-XL', 'Đen', 'XL', 209000, 1),
(100734, 148, 'CNM-P148-DE-XXL', 'Đen', 'XXL', 209000, 1),
(100735, 149, 'CNM-P149-TR-S', 'Trắng', 'S', 219000, 1),
(100736, 149, 'CNM-P149-TR-M', 'Trắng', 'M', 219000, 1),
(100737, 149, 'CNM-P149-TR-L', 'Trắng', 'L', 219000, 1),
(100738, 149, 'CNM-P149-TR-XL', 'Trắng', 'XL', 219000, 1),
(100739, 149, 'CNM-P149-TR-XXL', 'Trắng', 'XXL', 219000, 1),
(100740, 149, 'CNM-P149-XA-S', 'Xanh', 'S', 219000, 1),
(100741, 149, 'CNM-P149-XA-M', 'Xanh', 'M', 219000, 1),
(100742, 149, 'CNM-P149-XA-L', 'Xanh', 'L', 219000, 1),
(100743, 149, 'CNM-P149-XA-XL', 'Xanh', 'XL', 219000, 1),
(100744, 149, 'CNM-P149-XA-XXL', 'Xanh', 'XXL', 219000, 1),
(100745, 149, 'CNM-P149-DE-S', 'Đen', 'S', 219000, 1),
(100746, 149, 'CNM-P149-DE-M', 'Đen', 'M', 219000, 1),
(100747, 149, 'CNM-P149-DE-L', 'Đen', 'L', 219000, 1),
(100748, 149, 'CNM-P149-DE-XL', 'Đen', 'XL', 219000, 1),
(100749, 149, 'CNM-P149-DE-XXL', 'Đen', 'XXL', 219000, 1),
(100750, 150, 'CNM-P150-TR-S', 'Trắng', 'S', 229000, 1),
(100751, 150, 'CNM-P150-TR-M', 'Trắng', 'M', 229000, 1),
(100752, 150, 'CNM-P150-TR-L', 'Trắng', 'L', 229000, 1),
(100753, 150, 'CNM-P150-TR-XL', 'Trắng', 'XL', 229000, 1),
(100754, 150, 'CNM-P150-TR-XXL', 'Trắng', 'XXL', 229000, 1),
(100755, 150, 'CNM-P150-XA-S', 'Xanh', 'S', 229000, 1),
(100756, 150, 'CNM-P150-XA-M', 'Xanh', 'M', 229000, 1),
(100757, 150, 'CNM-P150-XA-L', 'Xanh', 'L', 229000, 1),
(100758, 150, 'CNM-P150-XA-XL', 'Xanh', 'XL', 229000, 1),
(100759, 150, 'CNM-P150-XA-XXL', 'Xanh', 'XXL', 229000, 1),
(100760, 150, 'CNM-P150-DE-S', 'Đen', 'S', 229000, 1),
(100761, 150, 'CNM-P150-DE-M', 'Đen', 'M', 229000, 1),
(100762, 150, 'CNM-P150-DE-L', 'Đen', 'L', 229000, 1),
(100763, 150, 'CNM-P150-DE-XL', 'Đen', 'XL', 229000, 1),
(100764, 150, 'CNM-P150-DE-XXL', 'Đen', 'XXL', 229000, 1),
(100765, 151, 'CNM-P151-TR-S', 'Trắng', 'S', 239000, 1),
(100766, 151, 'CNM-P151-TR-M', 'Trắng', 'M', 239000, 1),
(100767, 151, 'CNM-P151-TR-L', 'Trắng', 'L', 239000, 1),
(100768, 151, 'CNM-P151-TR-XL', 'Trắng', 'XL', 239000, 1),
(100769, 151, 'CNM-P151-TR-XXL', 'Trắng', 'XXL', 239000, 1),
(100770, 151, 'CNM-P151-XA-S', 'Xanh', 'S', 239000, 1),
(100771, 151, 'CNM-P151-XA-M', 'Xanh', 'M', 239000, 1),
(100772, 151, 'CNM-P151-XA-L', 'Xanh', 'L', 239000, 1),
(100773, 151, 'CNM-P151-XA-XL', 'Xanh', 'XL', 239000, 1),
(100774, 151, 'CNM-P151-XA-XXL', 'Xanh', 'XXL', 239000, 1),
(100775, 151, 'CNM-P151-DE-S', 'Đen', 'S', 239000, 1),
(100776, 151, 'CNM-P151-DE-M', 'Đen', 'M', 239000, 1),
(100777, 151, 'CNM-P151-DE-L', 'Đen', 'L', 239000, 1),
(100778, 151, 'CNM-P151-DE-XL', 'Đen', 'XL', 239000, 1),
(100779, 151, 'CNM-P151-DE-XXL', 'Đen', 'XXL', 239000, 1),
(100780, 152, 'CNM-P152-TR-S', 'Trắng', 'S', 249000, 1),
(100781, 152, 'CNM-P152-TR-M', 'Trắng', 'M', 249000, 1),
(100782, 152, 'CNM-P152-TR-L', 'Trắng', 'L', 249000, 1),
(100783, 152, 'CNM-P152-TR-XL', 'Trắng', 'XL', 249000, 1),
(100784, 152, 'CNM-P152-TR-XXL', 'Trắng', 'XXL', 249000, 1),
(100785, 152, 'CNM-P152-XA-S', 'Xanh', 'S', 249000, 1),
(100786, 152, 'CNM-P152-XA-M', 'Xanh', 'M', 249000, 1),
(100787, 152, 'CNM-P152-XA-L', 'Xanh', 'L', 249000, 1),
(100788, 152, 'CNM-P152-XA-XL', 'Xanh', 'XL', 249000, 1),
(100789, 152, 'CNM-P152-XA-XXL', 'Xanh', 'XXL', 249000, 1),
(100790, 152, 'CNM-P152-DE-S', 'Đen', 'S', 249000, 1),
(100791, 152, 'CNM-P152-DE-M', 'Đen', 'M', 249000, 1),
(100792, 152, 'CNM-P152-DE-L', 'Đen', 'L', 249000, 1),
(100793, 152, 'CNM-P152-DE-XL', 'Đen', 'XL', 249000, 1),
(100794, 152, 'CNM-P152-DE-XXL', 'Đen', 'XXL', 249000, 1),
(100795, 153, 'CNM-P153-TR-S', 'Trắng', 'S', 259000, 1),
(100796, 153, 'CNM-P153-TR-M', 'Trắng', 'M', 259000, 1),
(100797, 153, 'CNM-P153-TR-L', 'Trắng', 'L', 259000, 1),
(100798, 153, 'CNM-P153-TR-XL', 'Trắng', 'XL', 259000, 1),
(100799, 153, 'CNM-P153-TR-XXL', 'Trắng', 'XXL', 259000, 1),
(100800, 153, 'CNM-P153-XA-S', 'Xanh', 'S', 259000, 1),
(100801, 153, 'CNM-P153-XA-M', 'Xanh', 'M', 259000, 1),
(100802, 153, 'CNM-P153-XA-L', 'Xanh', 'L', 259000, 1),
(100803, 153, 'CNM-P153-XA-XL', 'Xanh', 'XL', 259000, 1),
(100804, 153, 'CNM-P153-XA-XXL', 'Xanh', 'XXL', 259000, 1),
(100805, 153, 'CNM-P153-DE-S', 'Đen', 'S', 259000, 1),
(100806, 153, 'CNM-P153-DE-M', 'Đen', 'M', 259000, 1),
(100807, 153, 'CNM-P153-DE-L', 'Đen', 'L', 259000, 1),
(100808, 153, 'CNM-P153-DE-XL', 'Đen', 'XL', 259000, 1),
(100809, 153, 'CNM-P153-DE-XXL', 'Đen', 'XXL', 259000, 1),
(100810, 154, 'CNM-P154-TR-S', 'Trắng', 'S', 269000, 1),
(100811, 154, 'CNM-P154-TR-M', 'Trắng', 'M', 269000, 1),
(100812, 154, 'CNM-P154-TR-L', 'Trắng', 'L', 269000, 1),
(100813, 154, 'CNM-P154-TR-XL', 'Trắng', 'XL', 269000, 1),
(100814, 154, 'CNM-P154-TR-XXL', 'Trắng', 'XXL', 269000, 1),
(100815, 154, 'CNM-P154-XA-S', 'Xanh', 'S', 269000, 1),
(100816, 154, 'CNM-P154-XA-M', 'Xanh', 'M', 269000, 1),
(100817, 154, 'CNM-P154-XA-L', 'Xanh', 'L', 269000, 1),
(100818, 154, 'CNM-P154-XA-XL', 'Xanh', 'XL', 269000, 1),
(100819, 154, 'CNM-P154-XA-XXL', 'Xanh', 'XXL', 269000, 1),
(100820, 154, 'CNM-P154-DE-S', 'Đen', 'S', 269000, 1),
(100821, 154, 'CNM-P154-DE-M', 'Đen', 'M', 269000, 1),
(100822, 154, 'CNM-P154-DE-L', 'Đen', 'L', 269000, 1),
(100823, 154, 'CNM-P154-DE-XL', 'Đen', 'XL', 269000, 1),
(100824, 154, 'CNM-P154-DE-XXL', 'Đen', 'XXL', 269000, 1),
(100825, 155, 'CNM-P155-TR-S', 'Trắng', 'S', 279000, 1),
(100826, 155, 'CNM-P155-TR-M', 'Trắng', 'M', 279000, 1),
(100827, 155, 'CNM-P155-TR-L', 'Trắng', 'L', 279000, 1),
(100828, 155, 'CNM-P155-TR-XL', 'Trắng', 'XL', 279000, 1),
(100829, 155, 'CNM-P155-TR-XXL', 'Trắng', 'XXL', 279000, 1),
(100830, 155, 'CNM-P155-XA-S', 'Xanh', 'S', 279000, 1),
(100831, 155, 'CNM-P155-XA-M', 'Xanh', 'M', 279000, 1),
(100832, 155, 'CNM-P155-XA-L', 'Xanh', 'L', 279000, 1),
(100833, 155, 'CNM-P155-XA-XL', 'Xanh', 'XL', 279000, 1),
(100834, 155, 'CNM-P155-XA-XXL', 'Xanh', 'XXL', 279000, 1),
(100835, 155, 'CNM-P155-DE-S', 'Đen', 'S', 279000, 1),
(100836, 155, 'CNM-P155-DE-M', 'Đen', 'M', 279000, 1),
(100837, 155, 'CNM-P155-DE-L', 'Đen', 'L', 279000, 1),
(100838, 155, 'CNM-P155-DE-XL', 'Đen', 'XL', 279000, 1),
(100839, 155, 'CNM-P155-DE-XXL', 'Đen', 'XXL', 279000, 1),
(100840, 156, 'CNM-P156-TR-S', 'Trắng', 'S', 289000, 1),
(100841, 156, 'CNM-P156-TR-M', 'Trắng', 'M', 289000, 1),
(100842, 156, 'CNM-P156-TR-L', 'Trắng', 'L', 289000, 1),
(100843, 156, 'CNM-P156-TR-XL', 'Trắng', 'XL', 289000, 1),
(100844, 156, 'CNM-P156-TR-XXL', 'Trắng', 'XXL', 289000, 1),
(100845, 156, 'CNM-P156-XA-S', 'Xanh', 'S', 289000, 1),
(100846, 156, 'CNM-P156-XA-M', 'Xanh', 'M', 289000, 1),
(100847, 156, 'CNM-P156-XA-L', 'Xanh', 'L', 289000, 1),
(100848, 156, 'CNM-P156-XA-XL', 'Xanh', 'XL', 289000, 1),
(100849, 156, 'CNM-P156-XA-XXL', 'Xanh', 'XXL', 289000, 1),
(100850, 156, 'CNM-P156-DE-S', 'Đen', 'S', 289000, 1),
(100851, 156, 'CNM-P156-DE-M', 'Đen', 'M', 289000, 1),
(100852, 156, 'CNM-P156-DE-L', 'Đen', 'L', 289000, 1),
(100853, 156, 'CNM-P156-DE-XL', 'Đen', 'XL', 289000, 1),
(100854, 156, 'CNM-P156-DE-XXL', 'Đen', 'XXL', 289000, 1),
(100855, 157, 'CNM-P157-TR-S', 'Trắng', 'S', 299000, 1),
(100856, 157, 'CNM-P157-TR-M', 'Trắng', 'M', 299000, 1),
(100857, 157, 'CNM-P157-TR-L', 'Trắng', 'L', 299000, 1),
(100858, 157, 'CNM-P157-TR-XL', 'Trắng', 'XL', 299000, 1),
(100859, 157, 'CNM-P157-TR-XXL', 'Trắng', 'XXL', 299000, 1),
(100860, 157, 'CNM-P157-XA-S', 'Xanh', 'S', 299000, 1),
(100861, 157, 'CNM-P157-XA-M', 'Xanh', 'M', 299000, 1),
(100862, 157, 'CNM-P157-XA-L', 'Xanh', 'L', 299000, 1),
(100863, 157, 'CNM-P157-XA-XL', 'Xanh', 'XL', 299000, 1),
(100864, 157, 'CNM-P157-XA-XXL', 'Xanh', 'XXL', 299000, 1),
(100865, 157, 'CNM-P157-DE-S', 'Đen', 'S', 299000, 1),
(100866, 157, 'CNM-P157-DE-M', 'Đen', 'M', 299000, 1),
(100867, 157, 'CNM-P157-DE-L', 'Đen', 'L', 299000, 1),
(100868, 157, 'CNM-P157-DE-XL', 'Đen', 'XL', 299000, 1),
(100869, 157, 'CNM-P157-DE-XXL', 'Đen', 'XXL', 299000, 1),
(100870, 158, 'CNM-P158-TR-S', 'Trắng', 'S', 309000, 1),
(100871, 158, 'CNM-P158-TR-M', 'Trắng', 'M', 309000, 1),
(100872, 158, 'CNM-P158-TR-L', 'Trắng', 'L', 309000, 1),
(100873, 158, 'CNM-P158-TR-XL', 'Trắng', 'XL', 309000, 1),
(100874, 158, 'CNM-P158-TR-XXL', 'Trắng', 'XXL', 309000, 1),
(100875, 158, 'CNM-P158-XA-S', 'Xanh', 'S', 309000, 1),
(100876, 158, 'CNM-P158-XA-M', 'Xanh', 'M', 309000, 1),
(100877, 158, 'CNM-P158-XA-L', 'Xanh', 'L', 309000, 1),
(100878, 158, 'CNM-P158-XA-XL', 'Xanh', 'XL', 309000, 1),
(100879, 158, 'CNM-P158-XA-XXL', 'Xanh', 'XXL', 309000, 1),
(100880, 158, 'CNM-P158-DE-S', 'Đen', 'S', 309000, 1),
(100881, 158, 'CNM-P158-DE-M', 'Đen', 'M', 309000, 1),
(100882, 158, 'CNM-P158-DE-L', 'Đen', 'L', 309000, 1),
(100883, 158, 'CNM-P158-DE-XL', 'Đen', 'XL', 309000, 1),
(100884, 158, 'CNM-P158-DE-XXL', 'Đen', 'XXL', 309000, 1),
(100885, 159, 'CNM-P159-TR-S', 'Trắng', 'S', 319000, 1),
(100886, 159, 'CNM-P159-TR-M', 'Trắng', 'M', 319000, 1),
(100887, 159, 'CNM-P159-TR-L', 'Trắng', 'L', 319000, 1),
(100888, 159, 'CNM-P159-TR-XL', 'Trắng', 'XL', 319000, 1),
(100889, 159, 'CNM-P159-TR-XXL', 'Trắng', 'XXL', 319000, 1),
(100890, 159, 'CNM-P159-XA-S', 'Xanh', 'S', 319000, 1),
(100891, 159, 'CNM-P159-XA-M', 'Xanh', 'M', 319000, 1),
(100892, 159, 'CNM-P159-XA-L', 'Xanh', 'L', 319000, 1),
(100893, 159, 'CNM-P159-XA-XL', 'Xanh', 'XL', 319000, 1),
(100894, 159, 'CNM-P159-XA-XXL', 'Xanh', 'XXL', 319000, 1),
(100895, 159, 'CNM-P159-DE-S', 'Đen', 'S', 319000, 1),
(100896, 159, 'CNM-P159-DE-M', 'Đen', 'M', 319000, 1),
(100897, 159, 'CNM-P159-DE-L', 'Đen', 'L', 319000, 1),
(100898, 159, 'CNM-P159-DE-XL', 'Đen', 'XL', 319000, 1),
(100899, 159, 'CNM-P159-DE-XXL', 'Đen', 'XXL', 319000, 1),
(100900, 160, 'CNM-P160-TR-S', 'Trắng', 'S', 129000, 1),
(100901, 160, 'CNM-P160-TR-M', 'Trắng', 'M', 129000, 1),
(100902, 160, 'CNM-P160-TR-L', 'Trắng', 'L', 129000, 1),
(100903, 160, 'CNM-P160-TR-XL', 'Trắng', 'XL', 129000, 1),
(100904, 160, 'CNM-P160-TR-XXL', 'Trắng', 'XXL', 129000, 1),
(100905, 160, 'CNM-P160-XA-S', 'Xanh', 'S', 129000, 1),
(100906, 160, 'CNM-P160-XA-M', 'Xanh', 'M', 129000, 1),
(100907, 160, 'CNM-P160-XA-L', 'Xanh', 'L', 129000, 1),
(100908, 160, 'CNM-P160-XA-XL', 'Xanh', 'XL', 129000, 1),
(100909, 160, 'CNM-P160-XA-XXL', 'Xanh', 'XXL', 129000, 1),
(100910, 160, 'CNM-P160-DE-S', 'Đen', 'S', 129000, 1),
(100911, 160, 'CNM-P160-DE-M', 'Đen', 'M', 129000, 1),
(100912, 160, 'CNM-P160-DE-L', 'Đen', 'L', 129000, 1),
(100913, 160, 'CNM-P160-DE-XL', 'Đen', 'XL', 129000, 1),
(100914, 160, 'CNM-P160-DE-XXL', 'Đen', 'XXL', 129000, 1),
(100915, 161, 'CNM-P161-TR-S', 'Trắng', 'S', 139000, 1),
(100916, 161, 'CNM-P161-TR-M', 'Trắng', 'M', 139000, 1),
(100917, 161, 'CNM-P161-TR-L', 'Trắng', 'L', 139000, 1),
(100918, 161, 'CNM-P161-TR-XL', 'Trắng', 'XL', 139000, 1),
(100919, 161, 'CNM-P161-TR-XXL', 'Trắng', 'XXL', 139000, 1),
(100920, 161, 'CNM-P161-XA-S', 'Xanh', 'S', 139000, 1),
(100921, 161, 'CNM-P161-XA-M', 'Xanh', 'M', 139000, 1),
(100922, 161, 'CNM-P161-XA-L', 'Xanh', 'L', 139000, 1),
(100923, 161, 'CNM-P161-XA-XL', 'Xanh', 'XL', 139000, 1),
(100924, 161, 'CNM-P161-XA-XXL', 'Xanh', 'XXL', 139000, 1),
(100925, 161, 'CNM-P161-DE-S', 'Đen', 'S', 139000, 1),
(100926, 161, 'CNM-P161-DE-M', 'Đen', 'M', 139000, 1),
(100927, 161, 'CNM-P161-DE-L', 'Đen', 'L', 139000, 1),
(100928, 161, 'CNM-P161-DE-XL', 'Đen', 'XL', 139000, 1),
(100929, 161, 'CNM-P161-DE-XXL', 'Đen', 'XXL', 139000, 1),
(100930, 162, 'CNM-P162-TR-S', 'Trắng', 'S', 149000, 1),
(100931, 162, 'CNM-P162-TR-M', 'Trắng', 'M', 149000, 1),
(100932, 162, 'CNM-P162-TR-L', 'Trắng', 'L', 149000, 1),
(100933, 162, 'CNM-P162-TR-XL', 'Trắng', 'XL', 149000, 1),
(100934, 162, 'CNM-P162-TR-XXL', 'Trắng', 'XXL', 149000, 1),
(100935, 162, 'CNM-P162-XA-S', 'Xanh', 'S', 149000, 1),
(100936, 162, 'CNM-P162-XA-M', 'Xanh', 'M', 149000, 1),
(100937, 162, 'CNM-P162-XA-L', 'Xanh', 'L', 149000, 1),
(100938, 162, 'CNM-P162-XA-XL', 'Xanh', 'XL', 149000, 1),
(100939, 162, 'CNM-P162-XA-XXL', 'Xanh', 'XXL', 149000, 1),
(100940, 162, 'CNM-P162-DE-S', 'Đen', 'S', 149000, 1),
(100941, 162, 'CNM-P162-DE-M', 'Đen', 'M', 149000, 1),
(100942, 162, 'CNM-P162-DE-L', 'Đen', 'L', 149000, 1),
(100943, 162, 'CNM-P162-DE-XL', 'Đen', 'XL', 149000, 1),
(100944, 162, 'CNM-P162-DE-XXL', 'Đen', 'XXL', 149000, 1),
(100945, 163, 'CNM-P163-TR-S', 'Trắng', 'S', 159000, 1),
(100946, 163, 'CNM-P163-TR-M', 'Trắng', 'M', 159000, 1),
(100947, 163, 'CNM-P163-TR-L', 'Trắng', 'L', 159000, 1),
(100948, 163, 'CNM-P163-TR-XL', 'Trắng', 'XL', 159000, 1),
(100949, 163, 'CNM-P163-TR-XXL', 'Trắng', 'XXL', 159000, 1),
(100950, 163, 'CNM-P163-XA-S', 'Xanh', 'S', 159000, 1),
(100951, 163, 'CNM-P163-XA-M', 'Xanh', 'M', 159000, 1),
(100952, 163, 'CNM-P163-XA-L', 'Xanh', 'L', 159000, 1),
(100953, 163, 'CNM-P163-XA-XL', 'Xanh', 'XL', 159000, 1),
(100954, 163, 'CNM-P163-XA-XXL', 'Xanh', 'XXL', 159000, 1),
(100955, 163, 'CNM-P163-DE-S', 'Đen', 'S', 159000, 1),
(100956, 163, 'CNM-P163-DE-M', 'Đen', 'M', 159000, 1),
(100957, 163, 'CNM-P163-DE-L', 'Đen', 'L', 159000, 1),
(100958, 163, 'CNM-P163-DE-XL', 'Đen', 'XL', 159000, 1),
(100959, 163, 'CNM-P163-DE-XXL', 'Đen', 'XXL', 159000, 1),
(100960, 164, 'CNM-P164-TR-S', 'Trắng', 'S', 169000, 1),
(100961, 164, 'CNM-P164-TR-M', 'Trắng', 'M', 169000, 1),
(100962, 164, 'CNM-P164-TR-L', 'Trắng', 'L', 169000, 1),
(100963, 164, 'CNM-P164-TR-XL', 'Trắng', 'XL', 169000, 1),
(100964, 164, 'CNM-P164-TR-XXL', 'Trắng', 'XXL', 169000, 1),
(100965, 164, 'CNM-P164-XA-S', 'Xanh', 'S', 169000, 1),
(100966, 164, 'CNM-P164-XA-M', 'Xanh', 'M', 169000, 1),
(100967, 164, 'CNM-P164-XA-L', 'Xanh', 'L', 169000, 1),
(100968, 164, 'CNM-P164-XA-XL', 'Xanh', 'XL', 169000, 1),
(100969, 164, 'CNM-P164-XA-XXL', 'Xanh', 'XXL', 169000, 1),
(100970, 164, 'CNM-P164-DE-S', 'Đen', 'S', 169000, 1),
(100971, 164, 'CNM-P164-DE-M', 'Đen', 'M', 169000, 1),
(100972, 164, 'CNM-P164-DE-L', 'Đen', 'L', 169000, 1),
(100973, 164, 'CNM-P164-DE-XL', 'Đen', 'XL', 169000, 1),
(100974, 164, 'CNM-P164-DE-XXL', 'Đen', 'XXL', 169000, 1),
(100975, 165, 'CNM-P165-TR-S', 'Trắng', 'S', 179000, 1),
(100976, 165, 'CNM-P165-TR-M', 'Trắng', 'M', 179000, 1),
(100977, 165, 'CNM-P165-TR-L', 'Trắng', 'L', 179000, 1),
(100978, 165, 'CNM-P165-TR-XL', 'Trắng', 'XL', 179000, 1),
(100979, 165, 'CNM-P165-TR-XXL', 'Trắng', 'XXL', 179000, 1),
(100980, 165, 'CNM-P165-XA-S', 'Xanh', 'S', 179000, 1),
(100981, 165, 'CNM-P165-XA-M', 'Xanh', 'M', 179000, 1),
(100982, 165, 'CNM-P165-XA-L', 'Xanh', 'L', 179000, 1),
(100983, 165, 'CNM-P165-XA-XL', 'Xanh', 'XL', 179000, 1),
(100984, 165, 'CNM-P165-XA-XXL', 'Xanh', 'XXL', 179000, 1),
(100985, 165, 'CNM-P165-DE-S', 'Đen', 'S', 179000, 1),
(100986, 165, 'CNM-P165-DE-M', 'Đen', 'M', 179000, 1),
(100987, 165, 'CNM-P165-DE-L', 'Đen', 'L', 179000, 1),
(100988, 165, 'CNM-P165-DE-XL', 'Đen', 'XL', 179000, 1),
(100989, 165, 'CNM-P165-DE-XXL', 'Đen', 'XXL', 179000, 1),
(100990, 166, 'CNM-P166-TR-S', 'Trắng', 'S', 189000, 1),
(100991, 166, 'CNM-P166-TR-M', 'Trắng', 'M', 189000, 1),
(100992, 166, 'CNM-P166-TR-L', 'Trắng', 'L', 189000, 1),
(100993, 166, 'CNM-P166-TR-XL', 'Trắng', 'XL', 189000, 1),
(100994, 166, 'CNM-P166-TR-XXL', 'Trắng', 'XXL', 189000, 1),
(100995, 166, 'CNM-P166-XA-S', 'Xanh', 'S', 189000, 1),
(100996, 166, 'CNM-P166-XA-M', 'Xanh', 'M', 189000, 1),
(100997, 166, 'CNM-P166-XA-L', 'Xanh', 'L', 189000, 1),
(100998, 166, 'CNM-P166-XA-XL', 'Xanh', 'XL', 189000, 1),
(100999, 166, 'CNM-P166-XA-XXL', 'Xanh', 'XXL', 189000, 1),
(101000, 166, 'CNM-P166-DE-S', 'Đen', 'S', 189000, 1),
(101001, 166, 'CNM-P166-DE-M', 'Đen', 'M', 189000, 1),
(101002, 166, 'CNM-P166-DE-L', 'Đen', 'L', 189000, 1),
(101003, 166, 'CNM-P166-DE-XL', 'Đen', 'XL', 189000, 1),
(101004, 166, 'CNM-P166-DE-XXL', 'Đen', 'XXL', 189000, 1),
(101005, 167, 'CNM-P167-TR-S', 'Trắng', 'S', 199000, 1),
(101006, 167, 'CNM-P167-TR-M', 'Trắng', 'M', 199000, 1),
(101007, 167, 'CNM-P167-TR-L', 'Trắng', 'L', 199000, 1),
(101008, 167, 'CNM-P167-TR-XL', 'Trắng', 'XL', 199000, 1),
(101009, 167, 'CNM-P167-TR-XXL', 'Trắng', 'XXL', 199000, 1),
(101010, 167, 'CNM-P167-XA-S', 'Xanh', 'S', 199000, 1),
(101011, 167, 'CNM-P167-XA-M', 'Xanh', 'M', 199000, 1),
(101012, 167, 'CNM-P167-XA-L', 'Xanh', 'L', 199000, 1),
(101013, 167, 'CNM-P167-XA-XL', 'Xanh', 'XL', 199000, 1),
(101014, 167, 'CNM-P167-XA-XXL', 'Xanh', 'XXL', 199000, 1),
(101015, 167, 'CNM-P167-DE-S', 'Đen', 'S', 199000, 1),
(101016, 167, 'CNM-P167-DE-M', 'Đen', 'M', 199000, 1),
(101017, 167, 'CNM-P167-DE-L', 'Đen', 'L', 199000, 1),
(101018, 167, 'CNM-P167-DE-XL', 'Đen', 'XL', 199000, 1),
(101019, 167, 'CNM-P167-DE-XXL', 'Đen', 'XXL', 199000, 1),
(101020, 168, 'CNM-P168-TR-S', 'Trắng', 'S', 209000, 1),
(101021, 168, 'CNM-P168-TR-M', 'Trắng', 'M', 209000, 1),
(101022, 168, 'CNM-P168-TR-L', 'Trắng', 'L', 209000, 1),
(101023, 168, 'CNM-P168-TR-XL', 'Trắng', 'XL', 209000, 1),
(101024, 168, 'CNM-P168-TR-XXL', 'Trắng', 'XXL', 209000, 1),
(101025, 168, 'CNM-P168-XA-S', 'Xanh', 'S', 209000, 1),
(101026, 168, 'CNM-P168-XA-M', 'Xanh', 'M', 209000, 1),
(101027, 168, 'CNM-P168-XA-L', 'Xanh', 'L', 209000, 1),
(101028, 168, 'CNM-P168-XA-XL', 'Xanh', 'XL', 209000, 1),
(101029, 168, 'CNM-P168-XA-XXL', 'Xanh', 'XXL', 209000, 1),
(101030, 168, 'CNM-P168-DE-S', 'Đen', 'S', 209000, 1),
(101031, 168, 'CNM-P168-DE-M', 'Đen', 'M', 209000, 1),
(101032, 168, 'CNM-P168-DE-L', 'Đen', 'L', 209000, 1),
(101033, 168, 'CNM-P168-DE-XL', 'Đen', 'XL', 209000, 1),
(101034, 168, 'CNM-P168-DE-XXL', 'Đen', 'XXL', 209000, 1),
(101035, 169, 'CNM-P169-TR-S', 'Trắng', 'S', 219000, 1),
(101036, 169, 'CNM-P169-TR-M', 'Trắng', 'M', 219000, 1),
(101037, 169, 'CNM-P169-TR-L', 'Trắng', 'L', 219000, 1),
(101038, 169, 'CNM-P169-TR-XL', 'Trắng', 'XL', 219000, 1),
(101039, 169, 'CNM-P169-TR-XXL', 'Trắng', 'XXL', 219000, 1),
(101040, 169, 'CNM-P169-XA-S', 'Xanh', 'S', 219000, 1),
(101041, 169, 'CNM-P169-XA-M', 'Xanh', 'M', 219000, 1),
(101042, 169, 'CNM-P169-XA-L', 'Xanh', 'L', 219000, 1),
(101043, 169, 'CNM-P169-XA-XL', 'Xanh', 'XL', 219000, 1),
(101044, 169, 'CNM-P169-XA-XXL', 'Xanh', 'XXL', 219000, 1),
(101045, 169, 'CNM-P169-DE-S', 'Đen', 'S', 219000, 1),
(101046, 169, 'CNM-P169-DE-M', 'Đen', 'M', 219000, 1),
(101047, 169, 'CNM-P169-DE-L', 'Đen', 'L', 219000, 1),
(101048, 169, 'CNM-P169-DE-XL', 'Đen', 'XL', 219000, 1),
(101049, 169, 'CNM-P169-DE-XXL', 'Đen', 'XXL', 219000, 1),
(101050, 170, 'CNM-P170-TR-S', 'Trắng', 'S', 229000, 1),
(101051, 170, 'CNM-P170-TR-M', 'Trắng', 'M', 229000, 1),
(101052, 170, 'CNM-P170-TR-L', 'Trắng', 'L', 229000, 1),
(101053, 170, 'CNM-P170-TR-XL', 'Trắng', 'XL', 229000, 1),
(101054, 170, 'CNM-P170-TR-XXL', 'Trắng', 'XXL', 229000, 1),
(101055, 170, 'CNM-P170-XA-S', 'Xanh', 'S', 229000, 1),
(101056, 170, 'CNM-P170-XA-M', 'Xanh', 'M', 229000, 1),
(101057, 170, 'CNM-P170-XA-L', 'Xanh', 'L', 229000, 1),
(101058, 170, 'CNM-P170-XA-XL', 'Xanh', 'XL', 229000, 1),
(101059, 170, 'CNM-P170-XA-XXL', 'Xanh', 'XXL', 229000, 1),
(101060, 170, 'CNM-P170-DE-S', 'Đen', 'S', 229000, 1),
(101061, 170, 'CNM-P170-DE-M', 'Đen', 'M', 229000, 1),
(101062, 170, 'CNM-P170-DE-L', 'Đen', 'L', 229000, 1),
(101063, 170, 'CNM-P170-DE-XL', 'Đen', 'XL', 229000, 1),
(101064, 170, 'CNM-P170-DE-XXL', 'Đen', 'XXL', 229000, 1),
(101065, 171, 'CNM-P171-TR-S', 'Trắng', 'S', 239000, 1),
(101066, 171, 'CNM-P171-TR-M', 'Trắng', 'M', 239000, 1),
(101067, 171, 'CNM-P171-TR-L', 'Trắng', 'L', 239000, 1),
(101068, 171, 'CNM-P171-TR-XL', 'Trắng', 'XL', 239000, 1),
(101069, 171, 'CNM-P171-TR-XXL', 'Trắng', 'XXL', 239000, 1),
(101070, 171, 'CNM-P171-XA-S', 'Xanh', 'S', 239000, 1),
(101071, 171, 'CNM-P171-XA-M', 'Xanh', 'M', 239000, 1),
(101072, 171, 'CNM-P171-XA-L', 'Xanh', 'L', 239000, 1),
(101073, 171, 'CNM-P171-XA-XL', 'Xanh', 'XL', 239000, 1),
(101074, 171, 'CNM-P171-XA-XXL', 'Xanh', 'XXL', 239000, 1),
(101075, 171, 'CNM-P171-DE-S', 'Đen', 'S', 239000, 1),
(101076, 171, 'CNM-P171-DE-M', 'Đen', 'M', 239000, 1),
(101077, 171, 'CNM-P171-DE-L', 'Đen', 'L', 239000, 1),
(101078, 171, 'CNM-P171-DE-XL', 'Đen', 'XL', 239000, 1),
(101079, 171, 'CNM-P171-DE-XXL', 'Đen', 'XXL', 239000, 1),
(101080, 172, 'CNM-P172-TR-S', 'Trắng', 'S', 249000, 1),
(101081, 172, 'CNM-P172-TR-M', 'Trắng', 'M', 249000, 1),
(101082, 172, 'CNM-P172-TR-L', 'Trắng', 'L', 249000, 1),
(101083, 172, 'CNM-P172-TR-XL', 'Trắng', 'XL', 249000, 1),
(101084, 172, 'CNM-P172-TR-XXL', 'Trắng', 'XXL', 249000, 1),
(101085, 172, 'CNM-P172-XA-S', 'Xanh', 'S', 249000, 1),
(101086, 172, 'CNM-P172-XA-M', 'Xanh', 'M', 249000, 1),
(101087, 172, 'CNM-P172-XA-L', 'Xanh', 'L', 249000, 1),
(101088, 172, 'CNM-P172-XA-XL', 'Xanh', 'XL', 249000, 1),
(101089, 172, 'CNM-P172-XA-XXL', 'Xanh', 'XXL', 249000, 1),
(101090, 172, 'CNM-P172-DE-S', 'Đen', 'S', 249000, 1),
(101091, 172, 'CNM-P172-DE-M', 'Đen', 'M', 249000, 1),
(101092, 172, 'CNM-P172-DE-L', 'Đen', 'L', 249000, 1),
(101093, 172, 'CNM-P172-DE-XL', 'Đen', 'XL', 249000, 1),
(101094, 172, 'CNM-P172-DE-XXL', 'Đen', 'XXL', 249000, 1),
(101095, 173, 'CNM-P173-TR-S', 'Trắng', 'S', 259000, 1),
(101096, 173, 'CNM-P173-TR-M', 'Trắng', 'M', 259000, 1),
(101097, 173, 'CNM-P173-TR-L', 'Trắng', 'L', 259000, 1),
(101098, 173, 'CNM-P173-TR-XL', 'Trắng', 'XL', 259000, 1),
(101099, 173, 'CNM-P173-TR-XXL', 'Trắng', 'XXL', 259000, 1),
(101100, 173, 'CNM-P173-XA-S', 'Xanh', 'S', 259000, 1),
(101101, 173, 'CNM-P173-XA-M', 'Xanh', 'M', 259000, 1),
(101102, 173, 'CNM-P173-XA-L', 'Xanh', 'L', 259000, 1),
(101103, 173, 'CNM-P173-XA-XL', 'Xanh', 'XL', 259000, 1),
(101104, 173, 'CNM-P173-XA-XXL', 'Xanh', 'XXL', 259000, 1),
(101105, 173, 'CNM-P173-DE-S', 'Đen', 'S', 259000, 1),
(101106, 173, 'CNM-P173-DE-M', 'Đen', 'M', 259000, 1),
(101107, 173, 'CNM-P173-DE-L', 'Đen', 'L', 259000, 1),
(101108, 173, 'CNM-P173-DE-XL', 'Đen', 'XL', 259000, 1),
(101109, 173, 'CNM-P173-DE-XXL', 'Đen', 'XXL', 259000, 1),
(101110, 174, 'CNM-P174-TR-S', 'Trắng', 'S', 269000, 1),
(101111, 174, 'CNM-P174-TR-M', 'Trắng', 'M', 269000, 1),
(101112, 174, 'CNM-P174-TR-L', 'Trắng', 'L', 269000, 1),
(101113, 174, 'CNM-P174-TR-XL', 'Trắng', 'XL', 269000, 1),
(101114, 174, 'CNM-P174-TR-XXL', 'Trắng', 'XXL', 269000, 1),
(101115, 174, 'CNM-P174-XA-S', 'Xanh', 'S', 269000, 1),
(101116, 174, 'CNM-P174-XA-M', 'Xanh', 'M', 269000, 1),
(101117, 174, 'CNM-P174-XA-L', 'Xanh', 'L', 269000, 1),
(101118, 174, 'CNM-P174-XA-XL', 'Xanh', 'XL', 269000, 1),
(101119, 174, 'CNM-P174-XA-XXL', 'Xanh', 'XXL', 269000, 1),
(101120, 174, 'CNM-P174-DE-S', 'Đen', 'S', 269000, 1),
(101121, 174, 'CNM-P174-DE-M', 'Đen', 'M', 269000, 1),
(101122, 174, 'CNM-P174-DE-L', 'Đen', 'L', 269000, 1),
(101123, 174, 'CNM-P174-DE-XL', 'Đen', 'XL', 269000, 1),
(101124, 174, 'CNM-P174-DE-XXL', 'Đen', 'XXL', 269000, 1),
(101125, 175, 'CNM-P175-TR-S', 'Trắng', 'S', 279000, 1),
(101126, 175, 'CNM-P175-TR-M', 'Trắng', 'M', 279000, 1),
(101127, 175, 'CNM-P175-TR-L', 'Trắng', 'L', 279000, 1),
(101128, 175, 'CNM-P175-TR-XL', 'Trắng', 'XL', 279000, 1),
(101129, 175, 'CNM-P175-TR-XXL', 'Trắng', 'XXL', 279000, 1),
(101130, 175, 'CNM-P175-XA-S', 'Xanh', 'S', 279000, 1),
(101131, 175, 'CNM-P175-XA-M', 'Xanh', 'M', 279000, 1),
(101132, 175, 'CNM-P175-XA-L', 'Xanh', 'L', 279000, 1),
(101133, 175, 'CNM-P175-XA-XL', 'Xanh', 'XL', 279000, 1),
(101134, 175, 'CNM-P175-XA-XXL', 'Xanh', 'XXL', 279000, 1),
(101135, 175, 'CNM-P175-DE-S', 'Đen', 'S', 279000, 1),
(101136, 175, 'CNM-P175-DE-M', 'Đen', 'M', 279000, 1),
(101137, 175, 'CNM-P175-DE-L', 'Đen', 'L', 279000, 1),
(101138, 175, 'CNM-P175-DE-XL', 'Đen', 'XL', 279000, 1),
(101139, 175, 'CNM-P175-DE-XXL', 'Đen', 'XXL', 279000, 1),
(101140, 176, 'CNM-P176-TR-S', 'Trắng', 'S', 289000, 1),
(101141, 176, 'CNM-P176-TR-M', 'Trắng', 'M', 289000, 1),
(101142, 176, 'CNM-P176-TR-L', 'Trắng', 'L', 289000, 1),
(101143, 176, 'CNM-P176-TR-XL', 'Trắng', 'XL', 289000, 1),
(101144, 176, 'CNM-P176-TR-XXL', 'Trắng', 'XXL', 289000, 1),
(101145, 176, 'CNM-P176-XA-S', 'Xanh', 'S', 289000, 1),
(101146, 176, 'CNM-P176-XA-M', 'Xanh', 'M', 289000, 1),
(101147, 176, 'CNM-P176-XA-L', 'Xanh', 'L', 289000, 1),
(101148, 176, 'CNM-P176-XA-XL', 'Xanh', 'XL', 289000, 1),
(101149, 176, 'CNM-P176-XA-XXL', 'Xanh', 'XXL', 289000, 1),
(101150, 176, 'CNM-P176-DE-S', 'Đen', 'S', 289000, 1),
(101151, 176, 'CNM-P176-DE-M', 'Đen', 'M', 289000, 1),
(101152, 176, 'CNM-P176-DE-L', 'Đen', 'L', 289000, 1),
(101153, 176, 'CNM-P176-DE-XL', 'Đen', 'XL', 289000, 1),
(101154, 176, 'CNM-P176-DE-XXL', 'Đen', 'XXL', 289000, 1),
(101155, 177, 'CNM-P177-TR-S', 'Trắng', 'S', 299000, 1),
(101156, 177, 'CNM-P177-TR-M', 'Trắng', 'M', 299000, 1),
(101157, 177, 'CNM-P177-TR-L', 'Trắng', 'L', 299000, 1),
(101158, 177, 'CNM-P177-TR-XL', 'Trắng', 'XL', 299000, 1),
(101159, 177, 'CNM-P177-TR-XXL', 'Trắng', 'XXL', 299000, 1),
(101160, 177, 'CNM-P177-XA-S', 'Xanh', 'S', 299000, 1),
(101161, 177, 'CNM-P177-XA-M', 'Xanh', 'M', 299000, 1),
(101162, 177, 'CNM-P177-XA-L', 'Xanh', 'L', 299000, 1),
(101163, 177, 'CNM-P177-XA-XL', 'Xanh', 'XL', 299000, 1),
(101164, 177, 'CNM-P177-XA-XXL', 'Xanh', 'XXL', 299000, 1),
(101165, 177, 'CNM-P177-DE-S', 'Đen', 'S', 299000, 1),
(101166, 177, 'CNM-P177-DE-M', 'Đen', 'M', 299000, 1),
(101167, 177, 'CNM-P177-DE-L', 'Đen', 'L', 299000, 1),
(101168, 177, 'CNM-P177-DE-XL', 'Đen', 'XL', 299000, 1),
(101169, 177, 'CNM-P177-DE-XXL', 'Đen', 'XXL', 299000, 1),
(101170, 178, 'CNM-P178-TR-S', 'Trắng', 'S', 309000, 1),
(101171, 178, 'CNM-P178-TR-M', 'Trắng', 'M', 309000, 1),
(101172, 178, 'CNM-P178-TR-L', 'Trắng', 'L', 309000, 1),
(101173, 178, 'CNM-P178-TR-XL', 'Trắng', 'XL', 309000, 1),
(101174, 178, 'CNM-P178-TR-XXL', 'Trắng', 'XXL', 309000, 1),
(101175, 178, 'CNM-P178-XA-S', 'Xanh', 'S', 309000, 1),
(101176, 178, 'CNM-P178-XA-M', 'Xanh', 'M', 309000, 1),
(101177, 178, 'CNM-P178-XA-L', 'Xanh', 'L', 309000, 1),
(101178, 178, 'CNM-P178-XA-XL', 'Xanh', 'XL', 309000, 1),
(101179, 178, 'CNM-P178-XA-XXL', 'Xanh', 'XXL', 309000, 1),
(101180, 178, 'CNM-P178-DE-S', 'Đen', 'S', 309000, 1),
(101181, 178, 'CNM-P178-DE-M', 'Đen', 'M', 309000, 1),
(101182, 178, 'CNM-P178-DE-L', 'Đen', 'L', 309000, 1),
(101183, 178, 'CNM-P178-DE-XL', 'Đen', 'XL', 309000, 1),
(101184, 178, 'CNM-P178-DE-XXL', 'Đen', 'XXL', 309000, 1),
(101185, 179, 'CNM-P179-TR-S', 'Trắng', 'S', 319000, 1),
(101186, 179, 'CNM-P179-TR-M', 'Trắng', 'M', 319000, 1),
(101187, 179, 'CNM-P179-TR-L', 'Trắng', 'L', 319000, 1),
(101188, 179, 'CNM-P179-TR-XL', 'Trắng', 'XL', 319000, 1),
(101189, 179, 'CNM-P179-TR-XXL', 'Trắng', 'XXL', 319000, 1),
(101190, 179, 'CNM-P179-XA-S', 'Xanh', 'S', 319000, 1),
(101191, 179, 'CNM-P179-XA-M', 'Xanh', 'M', 319000, 1),
(101192, 179, 'CNM-P179-XA-L', 'Xanh', 'L', 319000, 1),
(101193, 179, 'CNM-P179-XA-XL', 'Xanh', 'XL', 319000, 1),
(101194, 179, 'CNM-P179-XA-XXL', 'Xanh', 'XXL', 319000, 1),
(101195, 179, 'CNM-P179-DE-S', 'Đen', 'S', 319000, 1),
(101196, 179, 'CNM-P179-DE-M', 'Đen', 'M', 319000, 1),
(101197, 179, 'CNM-P179-DE-L', 'Đen', 'L', 319000, 1),
(101198, 179, 'CNM-P179-DE-XL', 'Đen', 'XL', 319000, 1),
(101199, 179, 'CNM-P179-DE-XXL', 'Đen', 'XXL', 319000, 1),
(101200, 180, 'CNM-P180-TR-S', 'Trắng', 'S', 129000, 1),
(101201, 180, 'CNM-P180-TR-M', 'Trắng', 'M', 129000, 1),
(101202, 180, 'CNM-P180-TR-L', 'Trắng', 'L', 129000, 1),
(101203, 180, 'CNM-P180-TR-XL', 'Trắng', 'XL', 129000, 1),
(101204, 180, 'CNM-P180-TR-XXL', 'Trắng', 'XXL', 129000, 1),
(101205, 180, 'CNM-P180-XA-S', 'Xanh', 'S', 129000, 1),
(101206, 180, 'CNM-P180-XA-M', 'Xanh', 'M', 129000, 1),
(101207, 180, 'CNM-P180-XA-L', 'Xanh', 'L', 129000, 1),
(101208, 180, 'CNM-P180-XA-XL', 'Xanh', 'XL', 129000, 1),
(101209, 180, 'CNM-P180-XA-XXL', 'Xanh', 'XXL', 129000, 1),
(101210, 180, 'CNM-P180-DE-S', 'Đen', 'S', 129000, 1),
(101211, 180, 'CNM-P180-DE-M', 'Đen', 'M', 129000, 1),
(101212, 180, 'CNM-P180-DE-L', 'Đen', 'L', 129000, 1),
(101213, 180, 'CNM-P180-DE-XL', 'Đen', 'XL', 129000, 1),
(101214, 180, 'CNM-P180-DE-XXL', 'Đen', 'XXL', 129000, 1),
(101215, 181, 'CNM-P181-TR-S', 'Trắng', 'S', 139000, 1),
(101216, 181, 'CNM-P181-TR-M', 'Trắng', 'M', 139000, 1),
(101217, 181, 'CNM-P181-TR-L', 'Trắng', 'L', 139000, 1),
(101218, 181, 'CNM-P181-TR-XL', 'Trắng', 'XL', 139000, 1),
(101219, 181, 'CNM-P181-TR-XXL', 'Trắng', 'XXL', 139000, 1),
(101220, 181, 'CNM-P181-XA-S', 'Xanh', 'S', 139000, 1),
(101221, 181, 'CNM-P181-XA-M', 'Xanh', 'M', 139000, 1),
(101222, 181, 'CNM-P181-XA-L', 'Xanh', 'L', 139000, 1),
(101223, 181, 'CNM-P181-XA-XL', 'Xanh', 'XL', 139000, 1),
(101224, 181, 'CNM-P181-XA-XXL', 'Xanh', 'XXL', 139000, 1),
(101225, 181, 'CNM-P181-DE-S', 'Đen', 'S', 139000, 1),
(101226, 181, 'CNM-P181-DE-M', 'Đen', 'M', 139000, 1),
(101227, 181, 'CNM-P181-DE-L', 'Đen', 'L', 139000, 1),
(101228, 181, 'CNM-P181-DE-XL', 'Đen', 'XL', 139000, 1),
(101229, 181, 'CNM-P181-DE-XXL', 'Đen', 'XXL', 139000, 1),
(101230, 182, 'CNM-P182-TR-S', 'Trắng', 'S', 149000, 1),
(101231, 182, 'CNM-P182-TR-M', 'Trắng', 'M', 149000, 1),
(101232, 182, 'CNM-P182-TR-L', 'Trắng', 'L', 149000, 1),
(101233, 182, 'CNM-P182-TR-XL', 'Trắng', 'XL', 149000, 1),
(101234, 182, 'CNM-P182-TR-XXL', 'Trắng', 'XXL', 149000, 1),
(101235, 182, 'CNM-P182-XA-S', 'Xanh', 'S', 149000, 1),
(101236, 182, 'CNM-P182-XA-M', 'Xanh', 'M', 149000, 1),
(101237, 182, 'CNM-P182-XA-L', 'Xanh', 'L', 149000, 1),
(101238, 182, 'CNM-P182-XA-XL', 'Xanh', 'XL', 149000, 1),
(101239, 182, 'CNM-P182-XA-XXL', 'Xanh', 'XXL', 149000, 1),
(101240, 182, 'CNM-P182-DE-S', 'Đen', 'S', 149000, 1),
(101241, 182, 'CNM-P182-DE-M', 'Đen', 'M', 149000, 1),
(101242, 182, 'CNM-P182-DE-L', 'Đen', 'L', 149000, 1),
(101243, 182, 'CNM-P182-DE-XL', 'Đen', 'XL', 149000, 1),
(101244, 182, 'CNM-P182-DE-XXL', 'Đen', 'XXL', 149000, 1),
(101245, 183, 'CNM-P183-TR-S', 'Trắng', 'S', 159000, 1),
(101246, 183, 'CNM-P183-TR-M', 'Trắng', 'M', 159000, 1),
(101247, 183, 'CNM-P183-TR-L', 'Trắng', 'L', 159000, 1),
(101248, 183, 'CNM-P183-TR-XL', 'Trắng', 'XL', 159000, 1),
(101249, 183, 'CNM-P183-TR-XXL', 'Trắng', 'XXL', 159000, 1),
(101250, 183, 'CNM-P183-XA-S', 'Xanh', 'S', 159000, 1),
(101251, 183, 'CNM-P183-XA-M', 'Xanh', 'M', 159000, 1),
(101252, 183, 'CNM-P183-XA-L', 'Xanh', 'L', 159000, 1),
(101253, 183, 'CNM-P183-XA-XL', 'Xanh', 'XL', 159000, 1),
(101254, 183, 'CNM-P183-XA-XXL', 'Xanh', 'XXL', 159000, 1),
(101255, 183, 'CNM-P183-DE-S', 'Đen', 'S', 159000, 1),
(101256, 183, 'CNM-P183-DE-M', 'Đen', 'M', 159000, 1),
(101257, 183, 'CNM-P183-DE-L', 'Đen', 'L', 159000, 1),
(101258, 183, 'CNM-P183-DE-XL', 'Đen', 'XL', 159000, 1),
(101259, 183, 'CNM-P183-DE-XXL', 'Đen', 'XXL', 159000, 1),
(101260, 184, 'CNM-P184-TR-S', 'Trắng', 'S', 169000, 1),
(101261, 184, 'CNM-P184-TR-M', 'Trắng', 'M', 169000, 1),
(101262, 184, 'CNM-P184-TR-L', 'Trắng', 'L', 169000, 1),
(101263, 184, 'CNM-P184-TR-XL', 'Trắng', 'XL', 169000, 1),
(101264, 184, 'CNM-P184-TR-XXL', 'Trắng', 'XXL', 169000, 1),
(101265, 184, 'CNM-P184-XA-S', 'Xanh', 'S', 169000, 1),
(101266, 184, 'CNM-P184-XA-M', 'Xanh', 'M', 169000, 1),
(101267, 184, 'CNM-P184-XA-L', 'Xanh', 'L', 169000, 1),
(101268, 184, 'CNM-P184-XA-XL', 'Xanh', 'XL', 169000, 1),
(101269, 184, 'CNM-P184-XA-XXL', 'Xanh', 'XXL', 169000, 1),
(101270, 184, 'CNM-P184-DE-S', 'Đen', 'S', 169000, 1),
(101271, 184, 'CNM-P184-DE-M', 'Đen', 'M', 169000, 1),
(101272, 184, 'CNM-P184-DE-L', 'Đen', 'L', 169000, 1),
(101273, 184, 'CNM-P184-DE-XL', 'Đen', 'XL', 169000, 1),
(101274, 184, 'CNM-P184-DE-XXL', 'Đen', 'XXL', 169000, 1),
(101275, 185, 'CNM-P185-TR-S', 'Trắng', 'S', 179000, 1),
(101276, 185, 'CNM-P185-TR-M', 'Trắng', 'M', 179000, 1),
(101277, 185, 'CNM-P185-TR-L', 'Trắng', 'L', 179000, 1),
(101278, 185, 'CNM-P185-TR-XL', 'Trắng', 'XL', 179000, 1),
(101279, 185, 'CNM-P185-TR-XXL', 'Trắng', 'XXL', 179000, 1),
(101280, 185, 'CNM-P185-XA-S', 'Xanh', 'S', 179000, 1),
(101281, 185, 'CNM-P185-XA-M', 'Xanh', 'M', 179000, 1),
(101282, 185, 'CNM-P185-XA-L', 'Xanh', 'L', 179000, 1),
(101283, 185, 'CNM-P185-XA-XL', 'Xanh', 'XL', 179000, 1),
(101284, 185, 'CNM-P185-XA-XXL', 'Xanh', 'XXL', 179000, 1),
(101285, 185, 'CNM-P185-DE-S', 'Đen', 'S', 179000, 1),
(101286, 185, 'CNM-P185-DE-M', 'Đen', 'M', 179000, 1),
(101287, 185, 'CNM-P185-DE-L', 'Đen', 'L', 179000, 1),
(101288, 185, 'CNM-P185-DE-XL', 'Đen', 'XL', 179000, 1),
(101289, 185, 'CNM-P185-DE-XXL', 'Đen', 'XXL', 179000, 1),
(101290, 186, 'CNM-P186-TR-S', 'Trắng', 'S', 189000, 1),
(101291, 186, 'CNM-P186-TR-M', 'Trắng', 'M', 189000, 1),
(101292, 186, 'CNM-P186-TR-L', 'Trắng', 'L', 189000, 1),
(101293, 186, 'CNM-P186-TR-XL', 'Trắng', 'XL', 189000, 1),
(101294, 186, 'CNM-P186-TR-XXL', 'Trắng', 'XXL', 189000, 1),
(101295, 186, 'CNM-P186-XA-S', 'Xanh', 'S', 189000, 1),
(101296, 186, 'CNM-P186-XA-M', 'Xanh', 'M', 189000, 1),
(101297, 186, 'CNM-P186-XA-L', 'Xanh', 'L', 189000, 1),
(101298, 186, 'CNM-P186-XA-XL', 'Xanh', 'XL', 189000, 1),
(101299, 186, 'CNM-P186-XA-XXL', 'Xanh', 'XXL', 189000, 1),
(101300, 186, 'CNM-P186-DE-S', 'Đen', 'S', 189000, 1),
(101301, 186, 'CNM-P186-DE-M', 'Đen', 'M', 189000, 1),
(101302, 186, 'CNM-P186-DE-L', 'Đen', 'L', 189000, 1),
(101303, 186, 'CNM-P186-DE-XL', 'Đen', 'XL', 189000, 1),
(101304, 186, 'CNM-P186-DE-XXL', 'Đen', 'XXL', 189000, 1),
(101305, 187, 'CNM-P187-TR-S', 'Trắng', 'S', 199000, 1),
(101306, 187, 'CNM-P187-TR-M', 'Trắng', 'M', 199000, 1),
(101307, 187, 'CNM-P187-TR-L', 'Trắng', 'L', 199000, 1),
(101308, 187, 'CNM-P187-TR-XL', 'Trắng', 'XL', 199000, 1),
(101309, 187, 'CNM-P187-TR-XXL', 'Trắng', 'XXL', 199000, 1),
(101310, 187, 'CNM-P187-XA-S', 'Xanh', 'S', 199000, 1),
(101311, 187, 'CNM-P187-XA-M', 'Xanh', 'M', 199000, 1),
(101312, 187, 'CNM-P187-XA-L', 'Xanh', 'L', 199000, 1),
(101313, 187, 'CNM-P187-XA-XL', 'Xanh', 'XL', 199000, 1),
(101314, 187, 'CNM-P187-XA-XXL', 'Xanh', 'XXL', 199000, 1),
(101315, 187, 'CNM-P187-DE-S', 'Đen', 'S', 199000, 1),
(101316, 187, 'CNM-P187-DE-M', 'Đen', 'M', 199000, 1),
(101317, 187, 'CNM-P187-DE-L', 'Đen', 'L', 199000, 1),
(101318, 187, 'CNM-P187-DE-XL', 'Đen', 'XL', 199000, 1),
(101319, 187, 'CNM-P187-DE-XXL', 'Đen', 'XXL', 199000, 1),
(101320, 188, 'CNM-P188-TR-S', 'Trắng', 'S', 209000, 1),
(101321, 188, 'CNM-P188-TR-M', 'Trắng', 'M', 209000, 1),
(101322, 188, 'CNM-P188-TR-L', 'Trắng', 'L', 209000, 1),
(101323, 188, 'CNM-P188-TR-XL', 'Trắng', 'XL', 209000, 1),
(101324, 188, 'CNM-P188-TR-XXL', 'Trắng', 'XXL', 209000, 1),
(101325, 188, 'CNM-P188-XA-S', 'Xanh', 'S', 209000, 1),
(101326, 188, 'CNM-P188-XA-M', 'Xanh', 'M', 209000, 1),
(101327, 188, 'CNM-P188-XA-L', 'Xanh', 'L', 209000, 1),
(101328, 188, 'CNM-P188-XA-XL', 'Xanh', 'XL', 209000, 1),
(101329, 188, 'CNM-P188-XA-XXL', 'Xanh', 'XXL', 209000, 1),
(101330, 188, 'CNM-P188-DE-S', 'Đen', 'S', 209000, 1),
(101331, 188, 'CNM-P188-DE-M', 'Đen', 'M', 209000, 1),
(101332, 188, 'CNM-P188-DE-L', 'Đen', 'L', 209000, 1),
(101333, 188, 'CNM-P188-DE-XL', 'Đen', 'XL', 209000, 1),
(101334, 188, 'CNM-P188-DE-XXL', 'Đen', 'XXL', 209000, 1),
(101335, 189, 'CNM-P189-TR-S', 'Trắng', 'S', 219000, 1),
(101336, 189, 'CNM-P189-TR-M', 'Trắng', 'M', 219000, 1),
(101337, 189, 'CNM-P189-TR-L', 'Trắng', 'L', 219000, 1),
(101338, 189, 'CNM-P189-TR-XL', 'Trắng', 'XL', 219000, 1),
(101339, 189, 'CNM-P189-TR-XXL', 'Trắng', 'XXL', 219000, 1),
(101340, 189, 'CNM-P189-XA-S', 'Xanh', 'S', 219000, 1),
(101341, 189, 'CNM-P189-XA-M', 'Xanh', 'M', 219000, 1),
(101342, 189, 'CNM-P189-XA-L', 'Xanh', 'L', 219000, 1),
(101343, 189, 'CNM-P189-XA-XL', 'Xanh', 'XL', 219000, 1),
(101344, 189, 'CNM-P189-XA-XXL', 'Xanh', 'XXL', 219000, 1),
(101345, 189, 'CNM-P189-DE-S', 'Đen', 'S', 219000, 1),
(101346, 189, 'CNM-P189-DE-M', 'Đen', 'M', 219000, 1),
(101347, 189, 'CNM-P189-DE-L', 'Đen', 'L', 219000, 1),
(101348, 189, 'CNM-P189-DE-XL', 'Đen', 'XL', 219000, 1),
(101349, 189, 'CNM-P189-DE-XXL', 'Đen', 'XXL', 219000, 1),
(101350, 190, 'CNM-P190-TR-S', 'Trắng', 'S', 229000, 1),
(101351, 190, 'CNM-P190-TR-M', 'Trắng', 'M', 229000, 1),
(101352, 190, 'CNM-P190-TR-L', 'Trắng', 'L', 229000, 1),
(101353, 190, 'CNM-P190-TR-XL', 'Trắng', 'XL', 229000, 1),
(101354, 190, 'CNM-P190-TR-XXL', 'Trắng', 'XXL', 229000, 1),
(101355, 190, 'CNM-P190-XA-S', 'Xanh', 'S', 229000, 1),
(101356, 190, 'CNM-P190-XA-M', 'Xanh', 'M', 229000, 1),
(101357, 190, 'CNM-P190-XA-L', 'Xanh', 'L', 229000, 1),
(101358, 190, 'CNM-P190-XA-XL', 'Xanh', 'XL', 229000, 1),
(101359, 190, 'CNM-P190-XA-XXL', 'Xanh', 'XXL', 229000, 1),
(101360, 190, 'CNM-P190-DE-S', 'Đen', 'S', 229000, 1),
(101361, 190, 'CNM-P190-DE-M', 'Đen', 'M', 229000, 1),
(101362, 190, 'CNM-P190-DE-L', 'Đen', 'L', 229000, 1),
(101363, 190, 'CNM-P190-DE-XL', 'Đen', 'XL', 229000, 1),
(101364, 190, 'CNM-P190-DE-XXL', 'Đen', 'XXL', 229000, 1),
(101365, 191, 'CNM-P191-TR-S', 'Trắng', 'S', 239000, 1),
(101366, 191, 'CNM-P191-TR-M', 'Trắng', 'M', 239000, 1),
(101367, 191, 'CNM-P191-TR-L', 'Trắng', 'L', 239000, 1),
(101368, 191, 'CNM-P191-TR-XL', 'Trắng', 'XL', 239000, 1),
(101369, 191, 'CNM-P191-TR-XXL', 'Trắng', 'XXL', 239000, 1),
(101370, 191, 'CNM-P191-XA-S', 'Xanh', 'S', 239000, 1),
(101371, 191, 'CNM-P191-XA-M', 'Xanh', 'M', 239000, 1),
(101372, 191, 'CNM-P191-XA-L', 'Xanh', 'L', 239000, 1),
(101373, 191, 'CNM-P191-XA-XL', 'Xanh', 'XL', 239000, 1),
(101374, 191, 'CNM-P191-XA-XXL', 'Xanh', 'XXL', 239000, 1),
(101375, 191, 'CNM-P191-DE-S', 'Đen', 'S', 239000, 1),
(101376, 191, 'CNM-P191-DE-M', 'Đen', 'M', 239000, 1),
(101377, 191, 'CNM-P191-DE-L', 'Đen', 'L', 239000, 1),
(101378, 191, 'CNM-P191-DE-XL', 'Đen', 'XL', 239000, 1),
(101379, 191, 'CNM-P191-DE-XXL', 'Đen', 'XXL', 239000, 1),
(101380, 192, 'CNM-P192-TR-S', 'Trắng', 'S', 249000, 1),
(101381, 192, 'CNM-P192-TR-M', 'Trắng', 'M', 249000, 1),
(101382, 192, 'CNM-P192-TR-L', 'Trắng', 'L', 249000, 1),
(101383, 192, 'CNM-P192-TR-XL', 'Trắng', 'XL', 249000, 1),
(101384, 192, 'CNM-P192-TR-XXL', 'Trắng', 'XXL', 249000, 1),
(101385, 192, 'CNM-P192-XA-S', 'Xanh', 'S', 249000, 1),
(101386, 192, 'CNM-P192-XA-M', 'Xanh', 'M', 249000, 1),
(101387, 192, 'CNM-P192-XA-L', 'Xanh', 'L', 249000, 1),
(101388, 192, 'CNM-P192-XA-XL', 'Xanh', 'XL', 249000, 1),
(101389, 192, 'CNM-P192-XA-XXL', 'Xanh', 'XXL', 249000, 1),
(101390, 192, 'CNM-P192-DE-S', 'Đen', 'S', 249000, 1),
(101391, 192, 'CNM-P192-DE-M', 'Đen', 'M', 249000, 1),
(101392, 192, 'CNM-P192-DE-L', 'Đen', 'L', 249000, 1),
(101393, 192, 'CNM-P192-DE-XL', 'Đen', 'XL', 249000, 1),
(101394, 192, 'CNM-P192-DE-XXL', 'Đen', 'XXL', 249000, 1),
(101395, 193, 'CNM-P193-TR-S', 'Trắng', 'S', 259000, 1),
(101396, 193, 'CNM-P193-TR-M', 'Trắng', 'M', 259000, 1),
(101397, 193, 'CNM-P193-TR-L', 'Trắng', 'L', 259000, 1),
(101398, 193, 'CNM-P193-TR-XL', 'Trắng', 'XL', 259000, 1),
(101399, 193, 'CNM-P193-TR-XXL', 'Trắng', 'XXL', 259000, 1),
(101400, 193, 'CNM-P193-XA-S', 'Xanh', 'S', 259000, 1),
(101401, 193, 'CNM-P193-XA-M', 'Xanh', 'M', 259000, 1),
(101402, 193, 'CNM-P193-XA-L', 'Xanh', 'L', 259000, 1),
(101403, 193, 'CNM-P193-XA-XL', 'Xanh', 'XL', 259000, 1),
(101404, 193, 'CNM-P193-XA-XXL', 'Xanh', 'XXL', 259000, 1),
(101405, 193, 'CNM-P193-DE-S', 'Đen', 'S', 259000, 1),
(101406, 193, 'CNM-P193-DE-M', 'Đen', 'M', 259000, 1),
(101407, 193, 'CNM-P193-DE-L', 'Đen', 'L', 259000, 1),
(101408, 193, 'CNM-P193-DE-XL', 'Đen', 'XL', 259000, 1),
(101409, 193, 'CNM-P193-DE-XXL', 'Đen', 'XXL', 259000, 1),
(101410, 194, 'CNM-P194-TR-S', 'Trắng', 'S', 269000, 1),
(101411, 194, 'CNM-P194-TR-M', 'Trắng', 'M', 269000, 1),
(101412, 194, 'CNM-P194-TR-L', 'Trắng', 'L', 269000, 1),
(101413, 194, 'CNM-P194-TR-XL', 'Trắng', 'XL', 269000, 1),
(101414, 194, 'CNM-P194-TR-XXL', 'Trắng', 'XXL', 269000, 1),
(101415, 194, 'CNM-P194-XA-S', 'Xanh', 'S', 269000, 1),
(101416, 194, 'CNM-P194-XA-M', 'Xanh', 'M', 269000, 1),
(101417, 194, 'CNM-P194-XA-L', 'Xanh', 'L', 269000, 1),
(101418, 194, 'CNM-P194-XA-XL', 'Xanh', 'XL', 269000, 1),
(101419, 194, 'CNM-P194-XA-XXL', 'Xanh', 'XXL', 269000, 1),
(101420, 194, 'CNM-P194-DE-S', 'Đen', 'S', 269000, 1),
(101421, 194, 'CNM-P194-DE-M', 'Đen', 'M', 269000, 1),
(101422, 194, 'CNM-P194-DE-L', 'Đen', 'L', 269000, 1),
(101423, 194, 'CNM-P194-DE-XL', 'Đen', 'XL', 269000, 1),
(101424, 194, 'CNM-P194-DE-XXL', 'Đen', 'XXL', 269000, 1),
(101425, 195, 'CNM-P195-TR-S', 'Trắng', 'S', 279000, 1),
(101426, 195, 'CNM-P195-TR-M', 'Trắng', 'M', 279000, 1),
(101427, 195, 'CNM-P195-TR-L', 'Trắng', 'L', 279000, 1),
(101428, 195, 'CNM-P195-TR-XL', 'Trắng', 'XL', 279000, 1),
(101429, 195, 'CNM-P195-TR-XXL', 'Trắng', 'XXL', 279000, 1),
(101430, 195, 'CNM-P195-XA-S', 'Xanh', 'S', 279000, 1),
(101431, 195, 'CNM-P195-XA-M', 'Xanh', 'M', 279000, 1),
(101432, 195, 'CNM-P195-XA-L', 'Xanh', 'L', 279000, 1),
(101433, 195, 'CNM-P195-XA-XL', 'Xanh', 'XL', 279000, 1),
(101434, 195, 'CNM-P195-XA-XXL', 'Xanh', 'XXL', 279000, 1),
(101435, 195, 'CNM-P195-DE-S', 'Đen', 'S', 279000, 1),
(101436, 195, 'CNM-P195-DE-M', 'Đen', 'M', 279000, 1),
(101437, 195, 'CNM-P195-DE-L', 'Đen', 'L', 279000, 1),
(101438, 195, 'CNM-P195-DE-XL', 'Đen', 'XL', 279000, 1),
(101439, 195, 'CNM-P195-DE-XXL', 'Đen', 'XXL', 279000, 1),
(101440, 196, 'CNM-P196-TR-S', 'Trắng', 'S', 289000, 1),
(101441, 196, 'CNM-P196-TR-M', 'Trắng', 'M', 289000, 1),
(101442, 196, 'CNM-P196-TR-L', 'Trắng', 'L', 289000, 1),
(101443, 196, 'CNM-P196-TR-XL', 'Trắng', 'XL', 289000, 1),
(101444, 196, 'CNM-P196-TR-XXL', 'Trắng', 'XXL', 289000, 1),
(101445, 196, 'CNM-P196-XA-S', 'Xanh', 'S', 289000, 1),
(101446, 196, 'CNM-P196-XA-M', 'Xanh', 'M', 289000, 1),
(101447, 196, 'CNM-P196-XA-L', 'Xanh', 'L', 289000, 1),
(101448, 196, 'CNM-P196-XA-XL', 'Xanh', 'XL', 289000, 1),
(101449, 196, 'CNM-P196-XA-XXL', 'Xanh', 'XXL', 289000, 1),
(101450, 196, 'CNM-P196-DE-S', 'Đen', 'S', 289000, 1),
(101451, 196, 'CNM-P196-DE-M', 'Đen', 'M', 289000, 1),
(101452, 196, 'CNM-P196-DE-L', 'Đen', 'L', 289000, 1),
(101453, 196, 'CNM-P196-DE-XL', 'Đen', 'XL', 289000, 1),
(101454, 196, 'CNM-P196-DE-XXL', 'Đen', 'XXL', 289000, 1),
(101455, 197, 'CNM-P197-TR-S', 'Trắng', 'S', 299000, 1),
(101456, 197, 'CNM-P197-TR-M', 'Trắng', 'M', 299000, 1),
(101457, 197, 'CNM-P197-TR-L', 'Trắng', 'L', 299000, 1),
(101458, 197, 'CNM-P197-TR-XL', 'Trắng', 'XL', 299000, 1),
(101459, 197, 'CNM-P197-TR-XXL', 'Trắng', 'XXL', 299000, 1),
(101460, 197, 'CNM-P197-XA-S', 'Xanh', 'S', 299000, 1),
(101461, 197, 'CNM-P197-XA-M', 'Xanh', 'M', 299000, 1),
(101462, 197, 'CNM-P197-XA-L', 'Xanh', 'L', 299000, 1),
(101463, 197, 'CNM-P197-XA-XL', 'Xanh', 'XL', 299000, 1),
(101464, 197, 'CNM-P197-XA-XXL', 'Xanh', 'XXL', 299000, 1),
(101465, 197, 'CNM-P197-DE-S', 'Đen', 'S', 299000, 1),
(101466, 197, 'CNM-P197-DE-M', 'Đen', 'M', 299000, 1),
(101467, 197, 'CNM-P197-DE-L', 'Đen', 'L', 299000, 1),
(101468, 197, 'CNM-P197-DE-XL', 'Đen', 'XL', 299000, 1),
(101469, 197, 'CNM-P197-DE-XXL', 'Đen', 'XXL', 299000, 1),
(101470, 198, 'CNM-P198-TR-S', 'Trắng', 'S', 309000, 1),
(101471, 198, 'CNM-P198-TR-M', 'Trắng', 'M', 309000, 1),
(101472, 198, 'CNM-P198-TR-L', 'Trắng', 'L', 309000, 1),
(101473, 198, 'CNM-P198-TR-XL', 'Trắng', 'XL', 309000, 1),
(101474, 198, 'CNM-P198-TR-XXL', 'Trắng', 'XXL', 309000, 1),
(101475, 198, 'CNM-P198-XA-S', 'Xanh', 'S', 309000, 1),
(101476, 198, 'CNM-P198-XA-M', 'Xanh', 'M', 309000, 1),
(101477, 198, 'CNM-P198-XA-L', 'Xanh', 'L', 309000, 1),
(101478, 198, 'CNM-P198-XA-XL', 'Xanh', 'XL', 309000, 1),
(101479, 198, 'CNM-P198-XA-XXL', 'Xanh', 'XXL', 309000, 1),
(101480, 198, 'CNM-P198-DE-S', 'Đen', 'S', 309000, 1),
(101481, 198, 'CNM-P198-DE-M', 'Đen', 'M', 309000, 1),
(101482, 198, 'CNM-P198-DE-L', 'Đen', 'L', 309000, 1),
(101483, 198, 'CNM-P198-DE-XL', 'Đen', 'XL', 309000, 1),
(101484, 198, 'CNM-P198-DE-XXL', 'Đen', 'XXL', 309000, 1),
(101485, 199, 'CNM-P199-TR-S', 'Trắng', 'S', 319000, 1),
(101486, 199, 'CNM-P199-TR-M', 'Trắng', 'M', 319000, 1),
(101487, 199, 'CNM-P199-TR-L', 'Trắng', 'L', 319000, 1),
(101488, 199, 'CNM-P199-TR-XL', 'Trắng', 'XL', 319000, 1),
(101489, 199, 'CNM-P199-TR-XXL', 'Trắng', 'XXL', 319000, 1),
(101490, 199, 'CNM-P199-XA-S', 'Xanh', 'S', 319000, 1),
(101491, 199, 'CNM-P199-XA-M', 'Xanh', 'M', 319000, 1),
(101492, 199, 'CNM-P199-XA-L', 'Xanh', 'L', 319000, 1),
(101493, 199, 'CNM-P199-XA-XL', 'Xanh', 'XL', 319000, 1),
(101494, 199, 'CNM-P199-XA-XXL', 'Xanh', 'XXL', 319000, 1),
(101495, 199, 'CNM-P199-DE-S', 'Đen', 'S', 319000, 1),
(101496, 199, 'CNM-P199-DE-M', 'Đen', 'M', 319000, 1),
(101497, 199, 'CNM-P199-DE-L', 'Đen', 'L', 319000, 1),
(101498, 199, 'CNM-P199-DE-XL', 'Đen', 'XL', 319000, 1),
(101499, 199, 'CNM-P199-DE-XXL', 'Đen', 'XXL', 319000, 1);

INSERT IGNORE INTO product_images (product_id, url, position, is_main)
VALUES
(100, 'https://picsum.photos/seed/canim-prod-100/800/1000', 0, 1),
(100, 'https://picsum.photos/seed/canim-prod-100-b/800/1000', 1, 0),
(100, 'https://picsum.photos/seed/canim-prod-100-c/800/1000', 2, 0),
(101, 'https://picsum.photos/seed/canim-prod-101/800/1000', 0, 1),
(101, 'https://picsum.photos/seed/canim-prod-101-b/800/1000', 1, 0),
(101, 'https://picsum.photos/seed/canim-prod-101-c/800/1000', 2, 0),
(102, 'https://picsum.photos/seed/canim-prod-102/800/1000', 0, 1),
(102, 'https://picsum.photos/seed/canim-prod-102-b/800/1000', 1, 0),
(102, 'https://picsum.photos/seed/canim-prod-102-c/800/1000', 2, 0),
(103, 'https://picsum.photos/seed/canim-prod-103/800/1000', 0, 1),
(103, 'https://picsum.photos/seed/canim-prod-103-b/800/1000', 1, 0),
(103, 'https://picsum.photos/seed/canim-prod-103-c/800/1000', 2, 0),
(104, 'https://picsum.photos/seed/canim-prod-104/800/1000', 0, 1),
(104, 'https://picsum.photos/seed/canim-prod-104-b/800/1000', 1, 0),
(104, 'https://picsum.photos/seed/canim-prod-104-c/800/1000', 2, 0),
(105, 'https://picsum.photos/seed/canim-prod-105/800/1000', 0, 1),
(105, 'https://picsum.photos/seed/canim-prod-105-b/800/1000', 1, 0),
(105, 'https://picsum.photos/seed/canim-prod-105-c/800/1000', 2, 0),
(106, 'https://picsum.photos/seed/canim-prod-106/800/1000', 0, 1),
(106, 'https://picsum.photos/seed/canim-prod-106-b/800/1000', 1, 0),
(106, 'https://picsum.photos/seed/canim-prod-106-c/800/1000', 2, 0),
(107, 'https://picsum.photos/seed/canim-prod-107/800/1000', 0, 1),
(107, 'https://picsum.photos/seed/canim-prod-107-b/800/1000', 1, 0),
(107, 'https://picsum.photos/seed/canim-prod-107-c/800/1000', 2, 0),
(108, 'https://picsum.photos/seed/canim-prod-108/800/1000', 0, 1),
(108, 'https://picsum.photos/seed/canim-prod-108-b/800/1000', 1, 0),
(108, 'https://picsum.photos/seed/canim-prod-108-c/800/1000', 2, 0),
(109, 'https://picsum.photos/seed/canim-prod-109/800/1000', 0, 1),
(109, 'https://picsum.photos/seed/canim-prod-109-b/800/1000', 1, 0),
(109, 'https://picsum.photos/seed/canim-prod-109-c/800/1000', 2, 0),
(110, 'https://picsum.photos/seed/canim-prod-110/800/1000', 0, 1),
(110, 'https://picsum.photos/seed/canim-prod-110-b/800/1000', 1, 0),
(110, 'https://picsum.photos/seed/canim-prod-110-c/800/1000', 2, 0),
(111, 'https://picsum.photos/seed/canim-prod-111/800/1000', 0, 1),
(111, 'https://picsum.photos/seed/canim-prod-111-b/800/1000', 1, 0),
(111, 'https://picsum.photos/seed/canim-prod-111-c/800/1000', 2, 0),
(112, 'https://picsum.photos/seed/canim-prod-112/800/1000', 0, 1),
(112, 'https://picsum.photos/seed/canim-prod-112-b/800/1000', 1, 0),
(112, 'https://picsum.photos/seed/canim-prod-112-c/800/1000', 2, 0),
(113, 'https://picsum.photos/seed/canim-prod-113/800/1000', 0, 1),
(113, 'https://picsum.photos/seed/canim-prod-113-b/800/1000', 1, 0),
(113, 'https://picsum.photos/seed/canim-prod-113-c/800/1000', 2, 0),
(114, 'https://picsum.photos/seed/canim-prod-114/800/1000', 0, 1),
(114, 'https://picsum.photos/seed/canim-prod-114-b/800/1000', 1, 0),
(114, 'https://picsum.photos/seed/canim-prod-114-c/800/1000', 2, 0),
(115, 'https://picsum.photos/seed/canim-prod-115/800/1000', 0, 1),
(115, 'https://picsum.photos/seed/canim-prod-115-b/800/1000', 1, 0),
(115, 'https://picsum.photos/seed/canim-prod-115-c/800/1000', 2, 0),
(116, 'https://picsum.photos/seed/canim-prod-116/800/1000', 0, 1),
(116, 'https://picsum.photos/seed/canim-prod-116-b/800/1000', 1, 0),
(116, 'https://picsum.photos/seed/canim-prod-116-c/800/1000', 2, 0),
(117, 'https://picsum.photos/seed/canim-prod-117/800/1000', 0, 1),
(117, 'https://picsum.photos/seed/canim-prod-117-b/800/1000', 1, 0),
(117, 'https://picsum.photos/seed/canim-prod-117-c/800/1000', 2, 0),
(118, 'https://picsum.photos/seed/canim-prod-118/800/1000', 0, 1),
(118, 'https://picsum.photos/seed/canim-prod-118-b/800/1000', 1, 0),
(118, 'https://picsum.photos/seed/canim-prod-118-c/800/1000', 2, 0),
(119, 'https://picsum.photos/seed/canim-prod-119/800/1000', 0, 1),
(119, 'https://picsum.photos/seed/canim-prod-119-b/800/1000', 1, 0),
(119, 'https://picsum.photos/seed/canim-prod-119-c/800/1000', 2, 0),
(120, 'https://picsum.photos/seed/canim-prod-120/800/1000', 0, 1),
(120, 'https://picsum.photos/seed/canim-prod-120-b/800/1000', 1, 0),
(120, 'https://picsum.photos/seed/canim-prod-120-c/800/1000', 2, 0),
(121, 'https://picsum.photos/seed/canim-prod-121/800/1000', 0, 1),
(121, 'https://picsum.photos/seed/canim-prod-121-b/800/1000', 1, 0),
(121, 'https://picsum.photos/seed/canim-prod-121-c/800/1000', 2, 0),
(122, 'https://picsum.photos/seed/canim-prod-122/800/1000', 0, 1),
(122, 'https://picsum.photos/seed/canim-prod-122-b/800/1000', 1, 0),
(122, 'https://picsum.photos/seed/canim-prod-122-c/800/1000', 2, 0),
(123, 'https://picsum.photos/seed/canim-prod-123/800/1000', 0, 1),
(123, 'https://picsum.photos/seed/canim-prod-123-b/800/1000', 1, 0),
(123, 'https://picsum.photos/seed/canim-prod-123-c/800/1000', 2, 0),
(124, 'https://picsum.photos/seed/canim-prod-124/800/1000', 0, 1),
(124, 'https://picsum.photos/seed/canim-prod-124-b/800/1000', 1, 0),
(124, 'https://picsum.photos/seed/canim-prod-124-c/800/1000', 2, 0),
(125, 'https://picsum.photos/seed/canim-prod-125/800/1000', 0, 1),
(125, 'https://picsum.photos/seed/canim-prod-125-b/800/1000', 1, 0),
(125, 'https://picsum.photos/seed/canim-prod-125-c/800/1000', 2, 0),
(126, 'https://picsum.photos/seed/canim-prod-126/800/1000', 0, 1),
(126, 'https://picsum.photos/seed/canim-prod-126-b/800/1000', 1, 0),
(126, 'https://picsum.photos/seed/canim-prod-126-c/800/1000', 2, 0),
(127, 'https://picsum.photos/seed/canim-prod-127/800/1000', 0, 1),
(127, 'https://picsum.photos/seed/canim-prod-127-b/800/1000', 1, 0),
(127, 'https://picsum.photos/seed/canim-prod-127-c/800/1000', 2, 0),
(128, 'https://picsum.photos/seed/canim-prod-128/800/1000', 0, 1),
(128, 'https://picsum.photos/seed/canim-prod-128-b/800/1000', 1, 0),
(128, 'https://picsum.photos/seed/canim-prod-128-c/800/1000', 2, 0),
(129, 'https://picsum.photos/seed/canim-prod-129/800/1000', 0, 1),
(129, 'https://picsum.photos/seed/canim-prod-129-b/800/1000', 1, 0),
(129, 'https://picsum.photos/seed/canim-prod-129-c/800/1000', 2, 0),
(130, 'https://picsum.photos/seed/canim-prod-130/800/1000', 0, 1),
(130, 'https://picsum.photos/seed/canim-prod-130-b/800/1000', 1, 0),
(130, 'https://picsum.photos/seed/canim-prod-130-c/800/1000', 2, 0),
(131, 'https://picsum.photos/seed/canim-prod-131/800/1000', 0, 1),
(131, 'https://picsum.photos/seed/canim-prod-131-b/800/1000', 1, 0),
(131, 'https://picsum.photos/seed/canim-prod-131-c/800/1000', 2, 0),
(132, 'https://picsum.photos/seed/canim-prod-132/800/1000', 0, 1),
(132, 'https://picsum.photos/seed/canim-prod-132-b/800/1000', 1, 0),
(132, 'https://picsum.photos/seed/canim-prod-132-c/800/1000', 2, 0),
(133, 'https://picsum.photos/seed/canim-prod-133/800/1000', 0, 1),
(133, 'https://picsum.photos/seed/canim-prod-133-b/800/1000', 1, 0),
(133, 'https://picsum.photos/seed/canim-prod-133-c/800/1000', 2, 0),
(134, 'https://picsum.photos/seed/canim-prod-134/800/1000', 0, 1),
(134, 'https://picsum.photos/seed/canim-prod-134-b/800/1000', 1, 0),
(134, 'https://picsum.photos/seed/canim-prod-134-c/800/1000', 2, 0),
(135, 'https://picsum.photos/seed/canim-prod-135/800/1000', 0, 1),
(135, 'https://picsum.photos/seed/canim-prod-135-b/800/1000', 1, 0),
(135, 'https://picsum.photos/seed/canim-prod-135-c/800/1000', 2, 0),
(136, 'https://picsum.photos/seed/canim-prod-136/800/1000', 0, 1),
(136, 'https://picsum.photos/seed/canim-prod-136-b/800/1000', 1, 0),
(136, 'https://picsum.photos/seed/canim-prod-136-c/800/1000', 2, 0),
(137, 'https://picsum.photos/seed/canim-prod-137/800/1000', 0, 1),
(137, 'https://picsum.photos/seed/canim-prod-137-b/800/1000', 1, 0),
(137, 'https://picsum.photos/seed/canim-prod-137-c/800/1000', 2, 0),
(138, 'https://picsum.photos/seed/canim-prod-138/800/1000', 0, 1),
(138, 'https://picsum.photos/seed/canim-prod-138-b/800/1000', 1, 0),
(138, 'https://picsum.photos/seed/canim-prod-138-c/800/1000', 2, 0),
(139, 'https://picsum.photos/seed/canim-prod-139/800/1000', 0, 1),
(139, 'https://picsum.photos/seed/canim-prod-139-b/800/1000', 1, 0),
(139, 'https://picsum.photos/seed/canim-prod-139-c/800/1000', 2, 0),
(140, 'https://picsum.photos/seed/canim-prod-140/800/1000', 0, 1),
(140, 'https://picsum.photos/seed/canim-prod-140-b/800/1000', 1, 0),
(140, 'https://picsum.photos/seed/canim-prod-140-c/800/1000', 2, 0),
(141, 'https://picsum.photos/seed/canim-prod-141/800/1000', 0, 1),
(141, 'https://picsum.photos/seed/canim-prod-141-b/800/1000', 1, 0),
(141, 'https://picsum.photos/seed/canim-prod-141-c/800/1000', 2, 0),
(142, 'https://picsum.photos/seed/canim-prod-142/800/1000', 0, 1),
(142, 'https://picsum.photos/seed/canim-prod-142-b/800/1000', 1, 0),
(142, 'https://picsum.photos/seed/canim-prod-142-c/800/1000', 2, 0),
(143, 'https://picsum.photos/seed/canim-prod-143/800/1000', 0, 1),
(143, 'https://picsum.photos/seed/canim-prod-143-b/800/1000', 1, 0),
(143, 'https://picsum.photos/seed/canim-prod-143-c/800/1000', 2, 0),
(144, 'https://picsum.photos/seed/canim-prod-144/800/1000', 0, 1),
(144, 'https://picsum.photos/seed/canim-prod-144-b/800/1000', 1, 0),
(144, 'https://picsum.photos/seed/canim-prod-144-c/800/1000', 2, 0),
(145, 'https://picsum.photos/seed/canim-prod-145/800/1000', 0, 1),
(145, 'https://picsum.photos/seed/canim-prod-145-b/800/1000', 1, 0),
(145, 'https://picsum.photos/seed/canim-prod-145-c/800/1000', 2, 0),
(146, 'https://picsum.photos/seed/canim-prod-146/800/1000', 0, 1),
(146, 'https://picsum.photos/seed/canim-prod-146-b/800/1000', 1, 0),
(146, 'https://picsum.photos/seed/canim-prod-146-c/800/1000', 2, 0),
(147, 'https://picsum.photos/seed/canim-prod-147/800/1000', 0, 1),
(147, 'https://picsum.photos/seed/canim-prod-147-b/800/1000', 1, 0),
(147, 'https://picsum.photos/seed/canim-prod-147-c/800/1000', 2, 0),
(148, 'https://picsum.photos/seed/canim-prod-148/800/1000', 0, 1),
(148, 'https://picsum.photos/seed/canim-prod-148-b/800/1000', 1, 0),
(148, 'https://picsum.photos/seed/canim-prod-148-c/800/1000', 2, 0),
(149, 'https://picsum.photos/seed/canim-prod-149/800/1000', 0, 1),
(149, 'https://picsum.photos/seed/canim-prod-149-b/800/1000', 1, 0),
(149, 'https://picsum.photos/seed/canim-prod-149-c/800/1000', 2, 0),
(150, 'https://picsum.photos/seed/canim-prod-150/800/1000', 0, 1),
(150, 'https://picsum.photos/seed/canim-prod-150-b/800/1000', 1, 0),
(150, 'https://picsum.photos/seed/canim-prod-150-c/800/1000', 2, 0),
(151, 'https://picsum.photos/seed/canim-prod-151/800/1000', 0, 1),
(151, 'https://picsum.photos/seed/canim-prod-151-b/800/1000', 1, 0),
(151, 'https://picsum.photos/seed/canim-prod-151-c/800/1000', 2, 0),
(152, 'https://picsum.photos/seed/canim-prod-152/800/1000', 0, 1),
(152, 'https://picsum.photos/seed/canim-prod-152-b/800/1000', 1, 0),
(152, 'https://picsum.photos/seed/canim-prod-152-c/800/1000', 2, 0),
(153, 'https://picsum.photos/seed/canim-prod-153/800/1000', 0, 1),
(153, 'https://picsum.photos/seed/canim-prod-153-b/800/1000', 1, 0),
(153, 'https://picsum.photos/seed/canim-prod-153-c/800/1000', 2, 0),
(154, 'https://picsum.photos/seed/canim-prod-154/800/1000', 0, 1),
(154, 'https://picsum.photos/seed/canim-prod-154-b/800/1000', 1, 0),
(154, 'https://picsum.photos/seed/canim-prod-154-c/800/1000', 2, 0),
(155, 'https://picsum.photos/seed/canim-prod-155/800/1000', 0, 1),
(155, 'https://picsum.photos/seed/canim-prod-155-b/800/1000', 1, 0),
(155, 'https://picsum.photos/seed/canim-prod-155-c/800/1000', 2, 0),
(156, 'https://picsum.photos/seed/canim-prod-156/800/1000', 0, 1),
(156, 'https://picsum.photos/seed/canim-prod-156-b/800/1000', 1, 0),
(156, 'https://picsum.photos/seed/canim-prod-156-c/800/1000', 2, 0),
(157, 'https://picsum.photos/seed/canim-prod-157/800/1000', 0, 1),
(157, 'https://picsum.photos/seed/canim-prod-157-b/800/1000', 1, 0),
(157, 'https://picsum.photos/seed/canim-prod-157-c/800/1000', 2, 0),
(158, 'https://picsum.photos/seed/canim-prod-158/800/1000', 0, 1),
(158, 'https://picsum.photos/seed/canim-prod-158-b/800/1000', 1, 0),
(158, 'https://picsum.photos/seed/canim-prod-158-c/800/1000', 2, 0),
(159, 'https://picsum.photos/seed/canim-prod-159/800/1000', 0, 1),
(159, 'https://picsum.photos/seed/canim-prod-159-b/800/1000', 1, 0),
(159, 'https://picsum.photos/seed/canim-prod-159-c/800/1000', 2, 0),
(160, 'https://picsum.photos/seed/canim-prod-160/800/1000', 0, 1),
(160, 'https://picsum.photos/seed/canim-prod-160-b/800/1000', 1, 0),
(160, 'https://picsum.photos/seed/canim-prod-160-c/800/1000', 2, 0),
(161, 'https://picsum.photos/seed/canim-prod-161/800/1000', 0, 1),
(161, 'https://picsum.photos/seed/canim-prod-161-b/800/1000', 1, 0),
(161, 'https://picsum.photos/seed/canim-prod-161-c/800/1000', 2, 0),
(162, 'https://picsum.photos/seed/canim-prod-162/800/1000', 0, 1),
(162, 'https://picsum.photos/seed/canim-prod-162-b/800/1000', 1, 0),
(162, 'https://picsum.photos/seed/canim-prod-162-c/800/1000', 2, 0),
(163, 'https://picsum.photos/seed/canim-prod-163/800/1000', 0, 1),
(163, 'https://picsum.photos/seed/canim-prod-163-b/800/1000', 1, 0),
(163, 'https://picsum.photos/seed/canim-prod-163-c/800/1000', 2, 0),
(164, 'https://picsum.photos/seed/canim-prod-164/800/1000', 0, 1),
(164, 'https://picsum.photos/seed/canim-prod-164-b/800/1000', 1, 0),
(164, 'https://picsum.photos/seed/canim-prod-164-c/800/1000', 2, 0),
(165, 'https://picsum.photos/seed/canim-prod-165/800/1000', 0, 1),
(165, 'https://picsum.photos/seed/canim-prod-165-b/800/1000', 1, 0),
(165, 'https://picsum.photos/seed/canim-prod-165-c/800/1000', 2, 0),
(166, 'https://picsum.photos/seed/canim-prod-166/800/1000', 0, 1),
(166, 'https://picsum.photos/seed/canim-prod-166-b/800/1000', 1, 0),
(166, 'https://picsum.photos/seed/canim-prod-166-c/800/1000', 2, 0),
(167, 'https://picsum.photos/seed/canim-prod-167/800/1000', 0, 1),
(167, 'https://picsum.photos/seed/canim-prod-167-b/800/1000', 1, 0),
(167, 'https://picsum.photos/seed/canim-prod-167-c/800/1000', 2, 0),
(168, 'https://picsum.photos/seed/canim-prod-168/800/1000', 0, 1),
(168, 'https://picsum.photos/seed/canim-prod-168-b/800/1000', 1, 0),
(168, 'https://picsum.photos/seed/canim-prod-168-c/800/1000', 2, 0),
(169, 'https://picsum.photos/seed/canim-prod-169/800/1000', 0, 1),
(169, 'https://picsum.photos/seed/canim-prod-169-b/800/1000', 1, 0),
(169, 'https://picsum.photos/seed/canim-prod-169-c/800/1000', 2, 0),
(170, 'https://picsum.photos/seed/canim-prod-170/800/1000', 0, 1),
(170, 'https://picsum.photos/seed/canim-prod-170-b/800/1000', 1, 0),
(170, 'https://picsum.photos/seed/canim-prod-170-c/800/1000', 2, 0),
(171, 'https://picsum.photos/seed/canim-prod-171/800/1000', 0, 1),
(171, 'https://picsum.photos/seed/canim-prod-171-b/800/1000', 1, 0),
(171, 'https://picsum.photos/seed/canim-prod-171-c/800/1000', 2, 0),
(172, 'https://picsum.photos/seed/canim-prod-172/800/1000', 0, 1),
(172, 'https://picsum.photos/seed/canim-prod-172-b/800/1000', 1, 0),
(172, 'https://picsum.photos/seed/canim-prod-172-c/800/1000', 2, 0),
(173, 'https://picsum.photos/seed/canim-prod-173/800/1000', 0, 1),
(173, 'https://picsum.photos/seed/canim-prod-173-b/800/1000', 1, 0),
(173, 'https://picsum.photos/seed/canim-prod-173-c/800/1000', 2, 0),
(174, 'https://picsum.photos/seed/canim-prod-174/800/1000', 0, 1),
(174, 'https://picsum.photos/seed/canim-prod-174-b/800/1000', 1, 0),
(174, 'https://picsum.photos/seed/canim-prod-174-c/800/1000', 2, 0),
(175, 'https://picsum.photos/seed/canim-prod-175/800/1000', 0, 1),
(175, 'https://picsum.photos/seed/canim-prod-175-b/800/1000', 1, 0),
(175, 'https://picsum.photos/seed/canim-prod-175-c/800/1000', 2, 0),
(176, 'https://picsum.photos/seed/canim-prod-176/800/1000', 0, 1),
(176, 'https://picsum.photos/seed/canim-prod-176-b/800/1000', 1, 0),
(176, 'https://picsum.photos/seed/canim-prod-176-c/800/1000', 2, 0),
(177, 'https://picsum.photos/seed/canim-prod-177/800/1000', 0, 1),
(177, 'https://picsum.photos/seed/canim-prod-177-b/800/1000', 1, 0),
(177, 'https://picsum.photos/seed/canim-prod-177-c/800/1000', 2, 0),
(178, 'https://picsum.photos/seed/canim-prod-178/800/1000', 0, 1),
(178, 'https://picsum.photos/seed/canim-prod-178-b/800/1000', 1, 0),
(178, 'https://picsum.photos/seed/canim-prod-178-c/800/1000', 2, 0),
(179, 'https://picsum.photos/seed/canim-prod-179/800/1000', 0, 1),
(179, 'https://picsum.photos/seed/canim-prod-179-b/800/1000', 1, 0),
(179, 'https://picsum.photos/seed/canim-prod-179-c/800/1000', 2, 0),
(180, 'https://picsum.photos/seed/canim-prod-180/800/1000', 0, 1),
(180, 'https://picsum.photos/seed/canim-prod-180-b/800/1000', 1, 0),
(180, 'https://picsum.photos/seed/canim-prod-180-c/800/1000', 2, 0),
(181, 'https://picsum.photos/seed/canim-prod-181/800/1000', 0, 1),
(181, 'https://picsum.photos/seed/canim-prod-181-b/800/1000', 1, 0),
(181, 'https://picsum.photos/seed/canim-prod-181-c/800/1000', 2, 0),
(182, 'https://picsum.photos/seed/canim-prod-182/800/1000', 0, 1),
(182, 'https://picsum.photos/seed/canim-prod-182-b/800/1000', 1, 0),
(182, 'https://picsum.photos/seed/canim-prod-182-c/800/1000', 2, 0),
(183, 'https://picsum.photos/seed/canim-prod-183/800/1000', 0, 1),
(183, 'https://picsum.photos/seed/canim-prod-183-b/800/1000', 1, 0),
(183, 'https://picsum.photos/seed/canim-prod-183-c/800/1000', 2, 0),
(184, 'https://picsum.photos/seed/canim-prod-184/800/1000', 0, 1),
(184, 'https://picsum.photos/seed/canim-prod-184-b/800/1000', 1, 0),
(184, 'https://picsum.photos/seed/canim-prod-184-c/800/1000', 2, 0),
(185, 'https://picsum.photos/seed/canim-prod-185/800/1000', 0, 1),
(185, 'https://picsum.photos/seed/canim-prod-185-b/800/1000', 1, 0),
(185, 'https://picsum.photos/seed/canim-prod-185-c/800/1000', 2, 0),
(186, 'https://picsum.photos/seed/canim-prod-186/800/1000', 0, 1),
(186, 'https://picsum.photos/seed/canim-prod-186-b/800/1000', 1, 0),
(186, 'https://picsum.photos/seed/canim-prod-186-c/800/1000', 2, 0),
(187, 'https://picsum.photos/seed/canim-prod-187/800/1000', 0, 1),
(187, 'https://picsum.photos/seed/canim-prod-187-b/800/1000', 1, 0),
(187, 'https://picsum.photos/seed/canim-prod-187-c/800/1000', 2, 0),
(188, 'https://picsum.photos/seed/canim-prod-188/800/1000', 0, 1),
(188, 'https://picsum.photos/seed/canim-prod-188-b/800/1000', 1, 0),
(188, 'https://picsum.photos/seed/canim-prod-188-c/800/1000', 2, 0),
(189, 'https://picsum.photos/seed/canim-prod-189/800/1000', 0, 1),
(189, 'https://picsum.photos/seed/canim-prod-189-b/800/1000', 1, 0),
(189, 'https://picsum.photos/seed/canim-prod-189-c/800/1000', 2, 0),
(190, 'https://picsum.photos/seed/canim-prod-190/800/1000', 0, 1),
(190, 'https://picsum.photos/seed/canim-prod-190-b/800/1000', 1, 0),
(190, 'https://picsum.photos/seed/canim-prod-190-c/800/1000', 2, 0),
(191, 'https://picsum.photos/seed/canim-prod-191/800/1000', 0, 1),
(191, 'https://picsum.photos/seed/canim-prod-191-b/800/1000', 1, 0),
(191, 'https://picsum.photos/seed/canim-prod-191-c/800/1000', 2, 0),
(192, 'https://picsum.photos/seed/canim-prod-192/800/1000', 0, 1),
(192, 'https://picsum.photos/seed/canim-prod-192-b/800/1000', 1, 0),
(192, 'https://picsum.photos/seed/canim-prod-192-c/800/1000', 2, 0),
(193, 'https://picsum.photos/seed/canim-prod-193/800/1000', 0, 1),
(193, 'https://picsum.photos/seed/canim-prod-193-b/800/1000', 1, 0),
(193, 'https://picsum.photos/seed/canim-prod-193-c/800/1000', 2, 0),
(194, 'https://picsum.photos/seed/canim-prod-194/800/1000', 0, 1),
(194, 'https://picsum.photos/seed/canim-prod-194-b/800/1000', 1, 0),
(194, 'https://picsum.photos/seed/canim-prod-194-c/800/1000', 2, 0),
(195, 'https://picsum.photos/seed/canim-prod-195/800/1000', 0, 1),
(195, 'https://picsum.photos/seed/canim-prod-195-b/800/1000', 1, 0),
(195, 'https://picsum.photos/seed/canim-prod-195-c/800/1000', 2, 0),
(196, 'https://picsum.photos/seed/canim-prod-196/800/1000', 0, 1),
(196, 'https://picsum.photos/seed/canim-prod-196-b/800/1000', 1, 0),
(196, 'https://picsum.photos/seed/canim-prod-196-c/800/1000', 2, 0),
(197, 'https://picsum.photos/seed/canim-prod-197/800/1000', 0, 1),
(197, 'https://picsum.photos/seed/canim-prod-197-b/800/1000', 1, 0),
(197, 'https://picsum.photos/seed/canim-prod-197-c/800/1000', 2, 0),
(198, 'https://picsum.photos/seed/canim-prod-198/800/1000', 0, 1),
(198, 'https://picsum.photos/seed/canim-prod-198-b/800/1000', 1, 0),
(198, 'https://picsum.photos/seed/canim-prod-198-c/800/1000', 2, 0),
(199, 'https://picsum.photos/seed/canim-prod-199/800/1000', 0, 1),
(199, 'https://picsum.photos/seed/canim-prod-199-b/800/1000', 1, 0),
(199, 'https://picsum.photos/seed/canim-prod-199-c/800/1000', 2, 0);

INSERT IGNORE INTO inventory (variant_id, warehouse_id, quantity, reserved, min_stock)
VALUES
(100000, 1, 10, 0, 0),
(100001, 1, 10, 0, 0),
(100002, 1, 10, 0, 0),
(100003, 1, 10, 0, 0),
(100004, 1, 10, 0, 0),
(100005, 1, 10, 0, 0),
(100006, 1, 10, 0, 0),
(100007, 1, 10, 0, 0),
(100008, 1, 10, 0, 0),
(100009, 1, 10, 0, 0),
(100010, 1, 10, 0, 0),
(100011, 1, 10, 0, 0),
(100012, 1, 10, 0, 0),
(100013, 1, 10, 0, 0),
(100014, 1, 10, 0, 0),
(100015, 1, 10, 0, 0),
(100016, 1, 10, 0, 0),
(100017, 1, 10, 0, 0),
(100018, 1, 10, 0, 0),
(100019, 1, 10, 0, 0),
(100020, 1, 10, 0, 0),
(100021, 1, 10, 0, 0),
(100022, 1, 10, 0, 0),
(100023, 1, 10, 0, 0),
(100024, 1, 10, 0, 0),
(100025, 1, 10, 0, 0),
(100026, 1, 10, 0, 0),
(100027, 1, 10, 0, 0),
(100028, 1, 10, 0, 0),
(100029, 1, 10, 0, 0),
(100030, 1, 10, 0, 0),
(100031, 1, 10, 0, 0),
(100032, 1, 10, 0, 0),
(100033, 1, 10, 0, 0),
(100034, 1, 10, 0, 0),
(100035, 1, 10, 0, 0),
(100036, 1, 10, 0, 0),
(100037, 1, 10, 0, 0),
(100038, 1, 10, 0, 0),
(100039, 1, 10, 0, 0),
(100040, 1, 10, 0, 0),
(100041, 1, 10, 0, 0),
(100042, 1, 10, 0, 0),
(100043, 1, 10, 0, 0),
(100044, 1, 10, 0, 0),
(100045, 1, 10, 0, 0),
(100046, 1, 10, 0, 0),
(100047, 1, 10, 0, 0),
(100048, 1, 10, 0, 0),
(100049, 1, 10, 0, 0),
(100050, 1, 10, 0, 0),
(100051, 1, 10, 0, 0),
(100052, 1, 10, 0, 0),
(100053, 1, 10, 0, 0),
(100054, 1, 10, 0, 0),
(100055, 1, 10, 0, 0),
(100056, 1, 10, 0, 0),
(100057, 1, 10, 0, 0),
(100058, 1, 10, 0, 0),
(100059, 1, 10, 0, 0),
(100060, 1, 10, 0, 0),
(100061, 1, 10, 0, 0),
(100062, 1, 10, 0, 0),
(100063, 1, 10, 0, 0),
(100064, 1, 10, 0, 0),
(100065, 1, 10, 0, 0),
(100066, 1, 10, 0, 0),
(100067, 1, 10, 0, 0),
(100068, 1, 10, 0, 0),
(100069, 1, 10, 0, 0),
(100070, 1, 10, 0, 0),
(100071, 1, 10, 0, 0),
(100072, 1, 10, 0, 0),
(100073, 1, 10, 0, 0),
(100074, 1, 10, 0, 0),
(100075, 1, 10, 0, 0),
(100076, 1, 10, 0, 0),
(100077, 1, 10, 0, 0),
(100078, 1, 10, 0, 0),
(100079, 1, 10, 0, 0),
(100080, 1, 10, 0, 0),
(100081, 1, 10, 0, 0),
(100082, 1, 10, 0, 0),
(100083, 1, 10, 0, 0),
(100084, 1, 10, 0, 0),
(100085, 1, 10, 0, 0),
(100086, 1, 10, 0, 0),
(100087, 1, 10, 0, 0),
(100088, 1, 10, 0, 0),
(100089, 1, 10, 0, 0),
(100090, 1, 10, 0, 0),
(100091, 1, 10, 0, 0),
(100092, 1, 10, 0, 0),
(100093, 1, 10, 0, 0),
(100094, 1, 10, 0, 0),
(100095, 1, 10, 0, 0),
(100096, 1, 10, 0, 0),
(100097, 1, 10, 0, 0),
(100098, 1, 10, 0, 0),
(100099, 1, 10, 0, 0),
(100100, 1, 10, 0, 0),
(100101, 1, 10, 0, 0),
(100102, 1, 10, 0, 0),
(100103, 1, 10, 0, 0),
(100104, 1, 10, 0, 0),
(100105, 1, 10, 0, 0),
(100106, 1, 10, 0, 0),
(100107, 1, 10, 0, 0),
(100108, 1, 10, 0, 0),
(100109, 1, 10, 0, 0),
(100110, 1, 10, 0, 0),
(100111, 1, 10, 0, 0),
(100112, 1, 10, 0, 0),
(100113, 1, 10, 0, 0),
(100114, 1, 10, 0, 0),
(100115, 1, 10, 0, 0),
(100116, 1, 10, 0, 0),
(100117, 1, 10, 0, 0),
(100118, 1, 10, 0, 0),
(100119, 1, 10, 0, 0),
(100120, 1, 10, 0, 0),
(100121, 1, 10, 0, 0),
(100122, 1, 10, 0, 0),
(100123, 1, 10, 0, 0),
(100124, 1, 10, 0, 0),
(100125, 1, 10, 0, 0),
(100126, 1, 10, 0, 0),
(100127, 1, 10, 0, 0),
(100128, 1, 10, 0, 0),
(100129, 1, 10, 0, 0),
(100130, 1, 10, 0, 0),
(100131, 1, 10, 0, 0),
(100132, 1, 10, 0, 0),
(100133, 1, 10, 0, 0),
(100134, 1, 10, 0, 0),
(100135, 1, 10, 0, 0),
(100136, 1, 10, 0, 0),
(100137, 1, 10, 0, 0),
(100138, 1, 10, 0, 0),
(100139, 1, 10, 0, 0),
(100140, 1, 10, 0, 0),
(100141, 1, 10, 0, 0),
(100142, 1, 10, 0, 0),
(100143, 1, 10, 0, 0),
(100144, 1, 10, 0, 0),
(100145, 1, 10, 0, 0),
(100146, 1, 10, 0, 0),
(100147, 1, 10, 0, 0),
(100148, 1, 10, 0, 0),
(100149, 1, 10, 0, 0),
(100150, 1, 10, 0, 0),
(100151, 1, 10, 0, 0),
(100152, 1, 10, 0, 0),
(100153, 1, 10, 0, 0),
(100154, 1, 10, 0, 0),
(100155, 1, 10, 0, 0),
(100156, 1, 10, 0, 0),
(100157, 1, 10, 0, 0),
(100158, 1, 10, 0, 0),
(100159, 1, 10, 0, 0),
(100160, 1, 10, 0, 0),
(100161, 1, 10, 0, 0),
(100162, 1, 10, 0, 0),
(100163, 1, 10, 0, 0),
(100164, 1, 10, 0, 0),
(100165, 1, 10, 0, 0),
(100166, 1, 10, 0, 0),
(100167, 1, 10, 0, 0),
(100168, 1, 10, 0, 0),
(100169, 1, 10, 0, 0),
(100170, 1, 10, 0, 0),
(100171, 1, 10, 0, 0),
(100172, 1, 10, 0, 0),
(100173, 1, 10, 0, 0),
(100174, 1, 10, 0, 0),
(100175, 1, 10, 0, 0),
(100176, 1, 10, 0, 0),
(100177, 1, 10, 0, 0),
(100178, 1, 10, 0, 0),
(100179, 1, 10, 0, 0),
(100180, 1, 10, 0, 0),
(100181, 1, 10, 0, 0),
(100182, 1, 10, 0, 0),
(100183, 1, 10, 0, 0),
(100184, 1, 10, 0, 0),
(100185, 1, 10, 0, 0),
(100186, 1, 10, 0, 0),
(100187, 1, 10, 0, 0),
(100188, 1, 10, 0, 0),
(100189, 1, 10, 0, 0),
(100190, 1, 10, 0, 0),
(100191, 1, 10, 0, 0),
(100192, 1, 10, 0, 0),
(100193, 1, 10, 0, 0),
(100194, 1, 10, 0, 0),
(100195, 1, 10, 0, 0),
(100196, 1, 10, 0, 0),
(100197, 1, 10, 0, 0),
(100198, 1, 10, 0, 0),
(100199, 1, 10, 0, 0),
(100200, 1, 10, 0, 0),
(100201, 1, 10, 0, 0),
(100202, 1, 10, 0, 0),
(100203, 1, 10, 0, 0),
(100204, 1, 10, 0, 0),
(100205, 1, 10, 0, 0),
(100206, 1, 10, 0, 0),
(100207, 1, 10, 0, 0),
(100208, 1, 10, 0, 0),
(100209, 1, 10, 0, 0),
(100210, 1, 10, 0, 0),
(100211, 1, 10, 0, 0),
(100212, 1, 10, 0, 0),
(100213, 1, 10, 0, 0),
(100214, 1, 10, 0, 0),
(100215, 1, 10, 0, 0),
(100216, 1, 10, 0, 0),
(100217, 1, 10, 0, 0),
(100218, 1, 10, 0, 0),
(100219, 1, 10, 0, 0),
(100220, 1, 10, 0, 0),
(100221, 1, 10, 0, 0),
(100222, 1, 10, 0, 0),
(100223, 1, 10, 0, 0),
(100224, 1, 10, 0, 0),
(100225, 1, 10, 0, 0),
(100226, 1, 10, 0, 0),
(100227, 1, 10, 0, 0),
(100228, 1, 10, 0, 0),
(100229, 1, 10, 0, 0),
(100230, 1, 10, 0, 0),
(100231, 1, 10, 0, 0),
(100232, 1, 10, 0, 0),
(100233, 1, 10, 0, 0),
(100234, 1, 10, 0, 0),
(100235, 1, 10, 0, 0),
(100236, 1, 10, 0, 0),
(100237, 1, 10, 0, 0),
(100238, 1, 10, 0, 0),
(100239, 1, 10, 0, 0),
(100240, 1, 10, 0, 0),
(100241, 1, 10, 0, 0),
(100242, 1, 10, 0, 0),
(100243, 1, 10, 0, 0),
(100244, 1, 10, 0, 0),
(100245, 1, 10, 0, 0),
(100246, 1, 10, 0, 0),
(100247, 1, 10, 0, 0),
(100248, 1, 10, 0, 0),
(100249, 1, 10, 0, 0),
(100250, 1, 10, 0, 0),
(100251, 1, 10, 0, 0),
(100252, 1, 10, 0, 0),
(100253, 1, 10, 0, 0),
(100254, 1, 10, 0, 0),
(100255, 1, 10, 0, 0),
(100256, 1, 10, 0, 0),
(100257, 1, 10, 0, 0),
(100258, 1, 10, 0, 0),
(100259, 1, 10, 0, 0),
(100260, 1, 10, 0, 0),
(100261, 1, 10, 0, 0),
(100262, 1, 10, 0, 0),
(100263, 1, 10, 0, 0),
(100264, 1, 10, 0, 0),
(100265, 1, 10, 0, 0),
(100266, 1, 10, 0, 0),
(100267, 1, 10, 0, 0),
(100268, 1, 10, 0, 0),
(100269, 1, 10, 0, 0),
(100270, 1, 10, 0, 0),
(100271, 1, 10, 0, 0),
(100272, 1, 10, 0, 0),
(100273, 1, 10, 0, 0),
(100274, 1, 10, 0, 0),
(100275, 1, 10, 0, 0),
(100276, 1, 10, 0, 0),
(100277, 1, 10, 0, 0),
(100278, 1, 10, 0, 0),
(100279, 1, 10, 0, 0),
(100280, 1, 10, 0, 0),
(100281, 1, 10, 0, 0),
(100282, 1, 10, 0, 0),
(100283, 1, 10, 0, 0),
(100284, 1, 10, 0, 0),
(100285, 1, 10, 0, 0),
(100286, 1, 10, 0, 0),
(100287, 1, 10, 0, 0),
(100288, 1, 10, 0, 0),
(100289, 1, 10, 0, 0),
(100290, 1, 10, 0, 0),
(100291, 1, 10, 0, 0),
(100292, 1, 10, 0, 0),
(100293, 1, 10, 0, 0),
(100294, 1, 10, 0, 0),
(100295, 1, 10, 0, 0),
(100296, 1, 10, 0, 0),
(100297, 1, 10, 0, 0),
(100298, 1, 10, 0, 0),
(100299, 1, 10, 0, 0),
(100300, 1, 10, 0, 0),
(100301, 1, 10, 0, 0),
(100302, 1, 10, 0, 0),
(100303, 1, 10, 0, 0),
(100304, 1, 10, 0, 0),
(100305, 1, 10, 0, 0),
(100306, 1, 10, 0, 0),
(100307, 1, 10, 0, 0),
(100308, 1, 10, 0, 0),
(100309, 1, 10, 0, 0),
(100310, 1, 10, 0, 0),
(100311, 1, 10, 0, 0),
(100312, 1, 10, 0, 0),
(100313, 1, 10, 0, 0),
(100314, 1, 10, 0, 0),
(100315, 1, 10, 0, 0),
(100316, 1, 10, 0, 0),
(100317, 1, 10, 0, 0),
(100318, 1, 10, 0, 0),
(100319, 1, 10, 0, 0),
(100320, 1, 10, 0, 0),
(100321, 1, 10, 0, 0),
(100322, 1, 10, 0, 0),
(100323, 1, 10, 0, 0),
(100324, 1, 10, 0, 0),
(100325, 1, 10, 0, 0),
(100326, 1, 10, 0, 0),
(100327, 1, 10, 0, 0),
(100328, 1, 10, 0, 0),
(100329, 1, 10, 0, 0),
(100330, 1, 10, 0, 0),
(100331, 1, 10, 0, 0),
(100332, 1, 10, 0, 0),
(100333, 1, 10, 0, 0),
(100334, 1, 10, 0, 0),
(100335, 1, 10, 0, 0),
(100336, 1, 10, 0, 0),
(100337, 1, 10, 0, 0),
(100338, 1, 10, 0, 0),
(100339, 1, 10, 0, 0),
(100340, 1, 10, 0, 0),
(100341, 1, 10, 0, 0),
(100342, 1, 10, 0, 0),
(100343, 1, 10, 0, 0),
(100344, 1, 10, 0, 0),
(100345, 1, 10, 0, 0),
(100346, 1, 10, 0, 0),
(100347, 1, 10, 0, 0),
(100348, 1, 10, 0, 0),
(100349, 1, 10, 0, 0),
(100350, 1, 10, 0, 0),
(100351, 1, 10, 0, 0),
(100352, 1, 10, 0, 0),
(100353, 1, 10, 0, 0),
(100354, 1, 10, 0, 0),
(100355, 1, 10, 0, 0),
(100356, 1, 10, 0, 0),
(100357, 1, 10, 0, 0),
(100358, 1, 10, 0, 0),
(100359, 1, 10, 0, 0),
(100360, 1, 10, 0, 0),
(100361, 1, 10, 0, 0),
(100362, 1, 10, 0, 0),
(100363, 1, 10, 0, 0),
(100364, 1, 10, 0, 0),
(100365, 1, 10, 0, 0),
(100366, 1, 10, 0, 0),
(100367, 1, 10, 0, 0),
(100368, 1, 10, 0, 0),
(100369, 1, 10, 0, 0),
(100370, 1, 10, 0, 0),
(100371, 1, 10, 0, 0),
(100372, 1, 10, 0, 0),
(100373, 1, 10, 0, 0),
(100374, 1, 10, 0, 0),
(100375, 1, 10, 0, 0),
(100376, 1, 10, 0, 0),
(100377, 1, 10, 0, 0),
(100378, 1, 10, 0, 0),
(100379, 1, 10, 0, 0),
(100380, 1, 10, 0, 0),
(100381, 1, 10, 0, 0),
(100382, 1, 10, 0, 0),
(100383, 1, 10, 0, 0),
(100384, 1, 10, 0, 0),
(100385, 1, 10, 0, 0),
(100386, 1, 10, 0, 0),
(100387, 1, 10, 0, 0),
(100388, 1, 10, 0, 0),
(100389, 1, 10, 0, 0),
(100390, 1, 10, 0, 0),
(100391, 1, 10, 0, 0),
(100392, 1, 10, 0, 0),
(100393, 1, 10, 0, 0),
(100394, 1, 10, 0, 0),
(100395, 1, 10, 0, 0),
(100396, 1, 10, 0, 0),
(100397, 1, 10, 0, 0),
(100398, 1, 10, 0, 0),
(100399, 1, 10, 0, 0),
(100400, 1, 10, 0, 0),
(100401, 1, 10, 0, 0),
(100402, 1, 10, 0, 0),
(100403, 1, 10, 0, 0),
(100404, 1, 10, 0, 0),
(100405, 1, 10, 0, 0),
(100406, 1, 10, 0, 0),
(100407, 1, 10, 0, 0),
(100408, 1, 10, 0, 0),
(100409, 1, 10, 0, 0),
(100410, 1, 10, 0, 0),
(100411, 1, 10, 0, 0),
(100412, 1, 10, 0, 0),
(100413, 1, 10, 0, 0),
(100414, 1, 10, 0, 0),
(100415, 1, 10, 0, 0),
(100416, 1, 10, 0, 0),
(100417, 1, 10, 0, 0),
(100418, 1, 10, 0, 0),
(100419, 1, 10, 0, 0),
(100420, 1, 10, 0, 0),
(100421, 1, 10, 0, 0),
(100422, 1, 10, 0, 0),
(100423, 1, 10, 0, 0),
(100424, 1, 10, 0, 0),
(100425, 1, 10, 0, 0),
(100426, 1, 10, 0, 0),
(100427, 1, 10, 0, 0),
(100428, 1, 10, 0, 0),
(100429, 1, 10, 0, 0),
(100430, 1, 10, 0, 0),
(100431, 1, 10, 0, 0),
(100432, 1, 10, 0, 0),
(100433, 1, 10, 0, 0),
(100434, 1, 10, 0, 0),
(100435, 1, 10, 0, 0),
(100436, 1, 10, 0, 0),
(100437, 1, 10, 0, 0),
(100438, 1, 10, 0, 0),
(100439, 1, 10, 0, 0),
(100440, 1, 10, 0, 0),
(100441, 1, 10, 0, 0),
(100442, 1, 10, 0, 0),
(100443, 1, 10, 0, 0),
(100444, 1, 10, 0, 0),
(100445, 1, 10, 0, 0),
(100446, 1, 10, 0, 0),
(100447, 1, 10, 0, 0),
(100448, 1, 10, 0, 0),
(100449, 1, 10, 0, 0),
(100450, 1, 10, 0, 0),
(100451, 1, 10, 0, 0),
(100452, 1, 10, 0, 0),
(100453, 1, 10, 0, 0),
(100454, 1, 10, 0, 0),
(100455, 1, 10, 0, 0),
(100456, 1, 10, 0, 0),
(100457, 1, 10, 0, 0),
(100458, 1, 10, 0, 0),
(100459, 1, 10, 0, 0),
(100460, 1, 10, 0, 0),
(100461, 1, 10, 0, 0),
(100462, 1, 10, 0, 0),
(100463, 1, 10, 0, 0),
(100464, 1, 10, 0, 0),
(100465, 1, 10, 0, 0),
(100466, 1, 10, 0, 0),
(100467, 1, 10, 0, 0),
(100468, 1, 10, 0, 0),
(100469, 1, 10, 0, 0),
(100470, 1, 10, 0, 0),
(100471, 1, 10, 0, 0),
(100472, 1, 10, 0, 0),
(100473, 1, 10, 0, 0),
(100474, 1, 10, 0, 0),
(100475, 1, 10, 0, 0),
(100476, 1, 10, 0, 0),
(100477, 1, 10, 0, 0),
(100478, 1, 10, 0, 0),
(100479, 1, 10, 0, 0),
(100480, 1, 10, 0, 0),
(100481, 1, 10, 0, 0),
(100482, 1, 10, 0, 0),
(100483, 1, 10, 0, 0),
(100484, 1, 10, 0, 0),
(100485, 1, 10, 0, 0),
(100486, 1, 10, 0, 0),
(100487, 1, 10, 0, 0),
(100488, 1, 10, 0, 0),
(100489, 1, 10, 0, 0),
(100490, 1, 10, 0, 0),
(100491, 1, 10, 0, 0),
(100492, 1, 10, 0, 0),
(100493, 1, 10, 0, 0),
(100494, 1, 10, 0, 0),
(100495, 1, 10, 0, 0),
(100496, 1, 10, 0, 0),
(100497, 1, 10, 0, 0),
(100498, 1, 10, 0, 0),
(100499, 1, 10, 0, 0),
(100500, 1, 10, 0, 0),
(100501, 1, 10, 0, 0),
(100502, 1, 10, 0, 0),
(100503, 1, 10, 0, 0),
(100504, 1, 10, 0, 0),
(100505, 1, 10, 0, 0),
(100506, 1, 10, 0, 0),
(100507, 1, 10, 0, 0),
(100508, 1, 10, 0, 0),
(100509, 1, 10, 0, 0),
(100510, 1, 10, 0, 0),
(100511, 1, 10, 0, 0),
(100512, 1, 10, 0, 0),
(100513, 1, 10, 0, 0),
(100514, 1, 10, 0, 0),
(100515, 1, 10, 0, 0),
(100516, 1, 10, 0, 0),
(100517, 1, 10, 0, 0),
(100518, 1, 10, 0, 0),
(100519, 1, 10, 0, 0),
(100520, 1, 10, 0, 0),
(100521, 1, 10, 0, 0),
(100522, 1, 10, 0, 0),
(100523, 1, 10, 0, 0),
(100524, 1, 10, 0, 0),
(100525, 1, 10, 0, 0),
(100526, 1, 10, 0, 0),
(100527, 1, 10, 0, 0),
(100528, 1, 10, 0, 0),
(100529, 1, 10, 0, 0),
(100530, 1, 10, 0, 0),
(100531, 1, 10, 0, 0),
(100532, 1, 10, 0, 0),
(100533, 1, 10, 0, 0),
(100534, 1, 10, 0, 0),
(100535, 1, 10, 0, 0),
(100536, 1, 10, 0, 0),
(100537, 1, 10, 0, 0),
(100538, 1, 10, 0, 0),
(100539, 1, 10, 0, 0),
(100540, 1, 10, 0, 0),
(100541, 1, 10, 0, 0),
(100542, 1, 10, 0, 0),
(100543, 1, 10, 0, 0),
(100544, 1, 10, 0, 0),
(100545, 1, 10, 0, 0),
(100546, 1, 10, 0, 0),
(100547, 1, 10, 0, 0),
(100548, 1, 10, 0, 0),
(100549, 1, 10, 0, 0),
(100550, 1, 10, 0, 0),
(100551, 1, 10, 0, 0),
(100552, 1, 10, 0, 0),
(100553, 1, 10, 0, 0),
(100554, 1, 10, 0, 0),
(100555, 1, 10, 0, 0),
(100556, 1, 10, 0, 0),
(100557, 1, 10, 0, 0),
(100558, 1, 10, 0, 0),
(100559, 1, 10, 0, 0),
(100560, 1, 10, 0, 0),
(100561, 1, 10, 0, 0),
(100562, 1, 10, 0, 0),
(100563, 1, 10, 0, 0),
(100564, 1, 10, 0, 0),
(100565, 1, 10, 0, 0),
(100566, 1, 10, 0, 0),
(100567, 1, 10, 0, 0),
(100568, 1, 10, 0, 0),
(100569, 1, 10, 0, 0),
(100570, 1, 10, 0, 0),
(100571, 1, 10, 0, 0),
(100572, 1, 10, 0, 0),
(100573, 1, 10, 0, 0),
(100574, 1, 10, 0, 0),
(100575, 1, 10, 0, 0),
(100576, 1, 10, 0, 0),
(100577, 1, 10, 0, 0),
(100578, 1, 10, 0, 0),
(100579, 1, 10, 0, 0),
(100580, 1, 10, 0, 0),
(100581, 1, 10, 0, 0),
(100582, 1, 10, 0, 0),
(100583, 1, 10, 0, 0),
(100584, 1, 10, 0, 0),
(100585, 1, 10, 0, 0),
(100586, 1, 10, 0, 0),
(100587, 1, 10, 0, 0),
(100588, 1, 10, 0, 0),
(100589, 1, 10, 0, 0),
(100590, 1, 10, 0, 0),
(100591, 1, 10, 0, 0),
(100592, 1, 10, 0, 0),
(100593, 1, 10, 0, 0),
(100594, 1, 10, 0, 0),
(100595, 1, 10, 0, 0),
(100596, 1, 10, 0, 0),
(100597, 1, 10, 0, 0),
(100598, 1, 10, 0, 0),
(100599, 1, 10, 0, 0),
(100600, 1, 10, 0, 0),
(100601, 1, 10, 0, 0),
(100602, 1, 10, 0, 0),
(100603, 1, 10, 0, 0),
(100604, 1, 10, 0, 0),
(100605, 1, 10, 0, 0),
(100606, 1, 10, 0, 0),
(100607, 1, 10, 0, 0),
(100608, 1, 10, 0, 0),
(100609, 1, 10, 0, 0),
(100610, 1, 10, 0, 0),
(100611, 1, 10, 0, 0),
(100612, 1, 10, 0, 0),
(100613, 1, 10, 0, 0),
(100614, 1, 10, 0, 0),
(100615, 1, 10, 0, 0),
(100616, 1, 10, 0, 0),
(100617, 1, 10, 0, 0),
(100618, 1, 10, 0, 0),
(100619, 1, 10, 0, 0),
(100620, 1, 10, 0, 0),
(100621, 1, 10, 0, 0),
(100622, 1, 10, 0, 0),
(100623, 1, 10, 0, 0),
(100624, 1, 10, 0, 0),
(100625, 1, 10, 0, 0),
(100626, 1, 10, 0, 0),
(100627, 1, 10, 0, 0),
(100628, 1, 10, 0, 0),
(100629, 1, 10, 0, 0),
(100630, 1, 10, 0, 0),
(100631, 1, 10, 0, 0),
(100632, 1, 10, 0, 0),
(100633, 1, 10, 0, 0),
(100634, 1, 10, 0, 0),
(100635, 1, 10, 0, 0),
(100636, 1, 10, 0, 0),
(100637, 1, 10, 0, 0),
(100638, 1, 10, 0, 0),
(100639, 1, 10, 0, 0),
(100640, 1, 10, 0, 0),
(100641, 1, 10, 0, 0),
(100642, 1, 10, 0, 0),
(100643, 1, 10, 0, 0),
(100644, 1, 10, 0, 0),
(100645, 1, 10, 0, 0),
(100646, 1, 10, 0, 0),
(100647, 1, 10, 0, 0),
(100648, 1, 10, 0, 0),
(100649, 1, 10, 0, 0),
(100650, 1, 10, 0, 0),
(100651, 1, 10, 0, 0),
(100652, 1, 10, 0, 0),
(100653, 1, 10, 0, 0),
(100654, 1, 10, 0, 0),
(100655, 1, 10, 0, 0),
(100656, 1, 10, 0, 0),
(100657, 1, 10, 0, 0),
(100658, 1, 10, 0, 0),
(100659, 1, 10, 0, 0),
(100660, 1, 10, 0, 0),
(100661, 1, 10, 0, 0),
(100662, 1, 10, 0, 0),
(100663, 1, 10, 0, 0),
(100664, 1, 10, 0, 0),
(100665, 1, 10, 0, 0),
(100666, 1, 10, 0, 0),
(100667, 1, 10, 0, 0),
(100668, 1, 10, 0, 0),
(100669, 1, 10, 0, 0),
(100670, 1, 10, 0, 0),
(100671, 1, 10, 0, 0),
(100672, 1, 10, 0, 0),
(100673, 1, 10, 0, 0),
(100674, 1, 10, 0, 0),
(100675, 1, 10, 0, 0),
(100676, 1, 10, 0, 0),
(100677, 1, 10, 0, 0),
(100678, 1, 10, 0, 0),
(100679, 1, 10, 0, 0),
(100680, 1, 10, 0, 0),
(100681, 1, 10, 0, 0),
(100682, 1, 10, 0, 0),
(100683, 1, 10, 0, 0),
(100684, 1, 10, 0, 0),
(100685, 1, 10, 0, 0),
(100686, 1, 10, 0, 0),
(100687, 1, 10, 0, 0),
(100688, 1, 10, 0, 0),
(100689, 1, 10, 0, 0),
(100690, 1, 10, 0, 0),
(100691, 1, 10, 0, 0),
(100692, 1, 10, 0, 0),
(100693, 1, 10, 0, 0),
(100694, 1, 10, 0, 0),
(100695, 1, 10, 0, 0),
(100696, 1, 10, 0, 0),
(100697, 1, 10, 0, 0),
(100698, 1, 10, 0, 0),
(100699, 1, 10, 0, 0),
(100700, 1, 10, 0, 0),
(100701, 1, 10, 0, 0),
(100702, 1, 10, 0, 0),
(100703, 1, 10, 0, 0),
(100704, 1, 10, 0, 0),
(100705, 1, 10, 0, 0),
(100706, 1, 10, 0, 0),
(100707, 1, 10, 0, 0),
(100708, 1, 10, 0, 0),
(100709, 1, 10, 0, 0),
(100710, 1, 10, 0, 0),
(100711, 1, 10, 0, 0),
(100712, 1, 10, 0, 0),
(100713, 1, 10, 0, 0),
(100714, 1, 10, 0, 0),
(100715, 1, 10, 0, 0),
(100716, 1, 10, 0, 0),
(100717, 1, 10, 0, 0),
(100718, 1, 10, 0, 0),
(100719, 1, 10, 0, 0),
(100720, 1, 10, 0, 0),
(100721, 1, 10, 0, 0),
(100722, 1, 10, 0, 0),
(100723, 1, 10, 0, 0),
(100724, 1, 10, 0, 0),
(100725, 1, 10, 0, 0),
(100726, 1, 10, 0, 0),
(100727, 1, 10, 0, 0),
(100728, 1, 10, 0, 0),
(100729, 1, 10, 0, 0),
(100730, 1, 10, 0, 0),
(100731, 1, 10, 0, 0),
(100732, 1, 10, 0, 0),
(100733, 1, 10, 0, 0),
(100734, 1, 10, 0, 0),
(100735, 1, 10, 0, 0),
(100736, 1, 10, 0, 0),
(100737, 1, 10, 0, 0),
(100738, 1, 10, 0, 0),
(100739, 1, 10, 0, 0),
(100740, 1, 10, 0, 0),
(100741, 1, 10, 0, 0),
(100742, 1, 10, 0, 0),
(100743, 1, 10, 0, 0),
(100744, 1, 10, 0, 0),
(100745, 1, 10, 0, 0),
(100746, 1, 10, 0, 0),
(100747, 1, 10, 0, 0),
(100748, 1, 10, 0, 0),
(100749, 1, 10, 0, 0),
(100750, 1, 10, 0, 0),
(100751, 1, 10, 0, 0),
(100752, 1, 10, 0, 0),
(100753, 1, 10, 0, 0),
(100754, 1, 10, 0, 0),
(100755, 1, 10, 0, 0),
(100756, 1, 10, 0, 0),
(100757, 1, 10, 0, 0),
(100758, 1, 10, 0, 0),
(100759, 1, 10, 0, 0),
(100760, 1, 10, 0, 0),
(100761, 1, 10, 0, 0),
(100762, 1, 10, 0, 0),
(100763, 1, 10, 0, 0),
(100764, 1, 10, 0, 0),
(100765, 1, 10, 0, 0),
(100766, 1, 10, 0, 0),
(100767, 1, 10, 0, 0),
(100768, 1, 10, 0, 0),
(100769, 1, 10, 0, 0),
(100770, 1, 10, 0, 0),
(100771, 1, 10, 0, 0),
(100772, 1, 10, 0, 0),
(100773, 1, 10, 0, 0),
(100774, 1, 10, 0, 0),
(100775, 1, 10, 0, 0),
(100776, 1, 10, 0, 0),
(100777, 1, 10, 0, 0),
(100778, 1, 10, 0, 0),
(100779, 1, 10, 0, 0),
(100780, 1, 10, 0, 0),
(100781, 1, 10, 0, 0),
(100782, 1, 10, 0, 0),
(100783, 1, 10, 0, 0),
(100784, 1, 10, 0, 0),
(100785, 1, 10, 0, 0),
(100786, 1, 10, 0, 0),
(100787, 1, 10, 0, 0),
(100788, 1, 10, 0, 0),
(100789, 1, 10, 0, 0),
(100790, 1, 10, 0, 0),
(100791, 1, 10, 0, 0),
(100792, 1, 10, 0, 0),
(100793, 1, 10, 0, 0),
(100794, 1, 10, 0, 0),
(100795, 1, 10, 0, 0),
(100796, 1, 10, 0, 0),
(100797, 1, 10, 0, 0),
(100798, 1, 10, 0, 0),
(100799, 1, 10, 0, 0),
(100800, 1, 10, 0, 0),
(100801, 1, 10, 0, 0),
(100802, 1, 10, 0, 0),
(100803, 1, 10, 0, 0),
(100804, 1, 10, 0, 0),
(100805, 1, 10, 0, 0),
(100806, 1, 10, 0, 0),
(100807, 1, 10, 0, 0),
(100808, 1, 10, 0, 0),
(100809, 1, 10, 0, 0),
(100810, 1, 10, 0, 0),
(100811, 1, 10, 0, 0),
(100812, 1, 10, 0, 0),
(100813, 1, 10, 0, 0),
(100814, 1, 10, 0, 0),
(100815, 1, 10, 0, 0),
(100816, 1, 10, 0, 0),
(100817, 1, 10, 0, 0),
(100818, 1, 10, 0, 0),
(100819, 1, 10, 0, 0),
(100820, 1, 10, 0, 0),
(100821, 1, 10, 0, 0),
(100822, 1, 10, 0, 0),
(100823, 1, 10, 0, 0),
(100824, 1, 10, 0, 0),
(100825, 1, 10, 0, 0),
(100826, 1, 10, 0, 0),
(100827, 1, 10, 0, 0),
(100828, 1, 10, 0, 0),
(100829, 1, 10, 0, 0),
(100830, 1, 10, 0, 0),
(100831, 1, 10, 0, 0),
(100832, 1, 10, 0, 0),
(100833, 1, 10, 0, 0),
(100834, 1, 10, 0, 0),
(100835, 1, 10, 0, 0),
(100836, 1, 10, 0, 0),
(100837, 1, 10, 0, 0),
(100838, 1, 10, 0, 0),
(100839, 1, 10, 0, 0),
(100840, 1, 10, 0, 0),
(100841, 1, 10, 0, 0),
(100842, 1, 10, 0, 0),
(100843, 1, 10, 0, 0),
(100844, 1, 10, 0, 0),
(100845, 1, 10, 0, 0),
(100846, 1, 10, 0, 0),
(100847, 1, 10, 0, 0),
(100848, 1, 10, 0, 0),
(100849, 1, 10, 0, 0),
(100850, 1, 10, 0, 0),
(100851, 1, 10, 0, 0),
(100852, 1, 10, 0, 0),
(100853, 1, 10, 0, 0),
(100854, 1, 10, 0, 0),
(100855, 1, 10, 0, 0),
(100856, 1, 10, 0, 0),
(100857, 1, 10, 0, 0),
(100858, 1, 10, 0, 0),
(100859, 1, 10, 0, 0),
(100860, 1, 10, 0, 0),
(100861, 1, 10, 0, 0),
(100862, 1, 10, 0, 0),
(100863, 1, 10, 0, 0),
(100864, 1, 10, 0, 0),
(100865, 1, 10, 0, 0),
(100866, 1, 10, 0, 0),
(100867, 1, 10, 0, 0),
(100868, 1, 10, 0, 0),
(100869, 1, 10, 0, 0),
(100870, 1, 10, 0, 0),
(100871, 1, 10, 0, 0),
(100872, 1, 10, 0, 0),
(100873, 1, 10, 0, 0),
(100874, 1, 10, 0, 0),
(100875, 1, 10, 0, 0),
(100876, 1, 10, 0, 0),
(100877, 1, 10, 0, 0),
(100878, 1, 10, 0, 0),
(100879, 1, 10, 0, 0),
(100880, 1, 10, 0, 0),
(100881, 1, 10, 0, 0),
(100882, 1, 10, 0, 0),
(100883, 1, 10, 0, 0),
(100884, 1, 10, 0, 0),
(100885, 1, 10, 0, 0),
(100886, 1, 10, 0, 0),
(100887, 1, 10, 0, 0),
(100888, 1, 10, 0, 0),
(100889, 1, 10, 0, 0),
(100890, 1, 10, 0, 0),
(100891, 1, 10, 0, 0),
(100892, 1, 10, 0, 0),
(100893, 1, 10, 0, 0),
(100894, 1, 10, 0, 0),
(100895, 1, 10, 0, 0),
(100896, 1, 10, 0, 0),
(100897, 1, 10, 0, 0),
(100898, 1, 10, 0, 0),
(100899, 1, 10, 0, 0),
(100900, 1, 10, 0, 0),
(100901, 1, 10, 0, 0),
(100902, 1, 10, 0, 0),
(100903, 1, 10, 0, 0),
(100904, 1, 10, 0, 0),
(100905, 1, 10, 0, 0),
(100906, 1, 10, 0, 0),
(100907, 1, 10, 0, 0),
(100908, 1, 10, 0, 0),
(100909, 1, 10, 0, 0),
(100910, 1, 10, 0, 0),
(100911, 1, 10, 0, 0),
(100912, 1, 10, 0, 0),
(100913, 1, 10, 0, 0),
(100914, 1, 10, 0, 0),
(100915, 1, 10, 0, 0),
(100916, 1, 10, 0, 0),
(100917, 1, 10, 0, 0),
(100918, 1, 10, 0, 0),
(100919, 1, 10, 0, 0),
(100920, 1, 10, 0, 0),
(100921, 1, 10, 0, 0),
(100922, 1, 10, 0, 0),
(100923, 1, 10, 0, 0),
(100924, 1, 10, 0, 0),
(100925, 1, 10, 0, 0),
(100926, 1, 10, 0, 0),
(100927, 1, 10, 0, 0),
(100928, 1, 10, 0, 0),
(100929, 1, 10, 0, 0),
(100930, 1, 10, 0, 0),
(100931, 1, 10, 0, 0),
(100932, 1, 10, 0, 0),
(100933, 1, 10, 0, 0),
(100934, 1, 10, 0, 0),
(100935, 1, 10, 0, 0),
(100936, 1, 10, 0, 0),
(100937, 1, 10, 0, 0),
(100938, 1, 10, 0, 0),
(100939, 1, 10, 0, 0),
(100940, 1, 10, 0, 0),
(100941, 1, 10, 0, 0),
(100942, 1, 10, 0, 0),
(100943, 1, 10, 0, 0),
(100944, 1, 10, 0, 0),
(100945, 1, 10, 0, 0),
(100946, 1, 10, 0, 0),
(100947, 1, 10, 0, 0),
(100948, 1, 10, 0, 0),
(100949, 1, 10, 0, 0),
(100950, 1, 10, 0, 0),
(100951, 1, 10, 0, 0),
(100952, 1, 10, 0, 0),
(100953, 1, 10, 0, 0),
(100954, 1, 10, 0, 0),
(100955, 1, 10, 0, 0),
(100956, 1, 10, 0, 0),
(100957, 1, 10, 0, 0),
(100958, 1, 10, 0, 0),
(100959, 1, 10, 0, 0),
(100960, 1, 10, 0, 0),
(100961, 1, 10, 0, 0),
(100962, 1, 10, 0, 0),
(100963, 1, 10, 0, 0),
(100964, 1, 10, 0, 0),
(100965, 1, 10, 0, 0),
(100966, 1, 10, 0, 0),
(100967, 1, 10, 0, 0),
(100968, 1, 10, 0, 0),
(100969, 1, 10, 0, 0),
(100970, 1, 10, 0, 0),
(100971, 1, 10, 0, 0),
(100972, 1, 10, 0, 0),
(100973, 1, 10, 0, 0),
(100974, 1, 10, 0, 0),
(100975, 1, 10, 0, 0),
(100976, 1, 10, 0, 0),
(100977, 1, 10, 0, 0),
(100978, 1, 10, 0, 0),
(100979, 1, 10, 0, 0),
(100980, 1, 10, 0, 0),
(100981, 1, 10, 0, 0),
(100982, 1, 10, 0, 0),
(100983, 1, 10, 0, 0),
(100984, 1, 10, 0, 0),
(100985, 1, 10, 0, 0),
(100986, 1, 10, 0, 0),
(100987, 1, 10, 0, 0),
(100988, 1, 10, 0, 0),
(100989, 1, 10, 0, 0),
(100990, 1, 10, 0, 0),
(100991, 1, 10, 0, 0),
(100992, 1, 10, 0, 0),
(100993, 1, 10, 0, 0),
(100994, 1, 10, 0, 0),
(100995, 1, 10, 0, 0),
(100996, 1, 10, 0, 0),
(100997, 1, 10, 0, 0),
(100998, 1, 10, 0, 0),
(100999, 1, 10, 0, 0),
(101000, 1, 10, 0, 0),
(101001, 1, 10, 0, 0),
(101002, 1, 10, 0, 0),
(101003, 1, 10, 0, 0),
(101004, 1, 10, 0, 0),
(101005, 1, 10, 0, 0),
(101006, 1, 10, 0, 0),
(101007, 1, 10, 0, 0),
(101008, 1, 10, 0, 0),
(101009, 1, 10, 0, 0),
(101010, 1, 10, 0, 0),
(101011, 1, 10, 0, 0),
(101012, 1, 10, 0, 0),
(101013, 1, 10, 0, 0),
(101014, 1, 10, 0, 0),
(101015, 1, 10, 0, 0),
(101016, 1, 10, 0, 0),
(101017, 1, 10, 0, 0),
(101018, 1, 10, 0, 0),
(101019, 1, 10, 0, 0),
(101020, 1, 10, 0, 0),
(101021, 1, 10, 0, 0),
(101022, 1, 10, 0, 0),
(101023, 1, 10, 0, 0),
(101024, 1, 10, 0, 0),
(101025, 1, 10, 0, 0),
(101026, 1, 10, 0, 0),
(101027, 1, 10, 0, 0),
(101028, 1, 10, 0, 0),
(101029, 1, 10, 0, 0),
(101030, 1, 10, 0, 0),
(101031, 1, 10, 0, 0),
(101032, 1, 10, 0, 0),
(101033, 1, 10, 0, 0),
(101034, 1, 10, 0, 0),
(101035, 1, 10, 0, 0),
(101036, 1, 10, 0, 0),
(101037, 1, 10, 0, 0),
(101038, 1, 10, 0, 0),
(101039, 1, 10, 0, 0),
(101040, 1, 10, 0, 0),
(101041, 1, 10, 0, 0),
(101042, 1, 10, 0, 0),
(101043, 1, 10, 0, 0),
(101044, 1, 10, 0, 0),
(101045, 1, 10, 0, 0),
(101046, 1, 10, 0, 0),
(101047, 1, 10, 0, 0),
(101048, 1, 10, 0, 0),
(101049, 1, 10, 0, 0),
(101050, 1, 10, 0, 0),
(101051, 1, 10, 0, 0),
(101052, 1, 10, 0, 0),
(101053, 1, 10, 0, 0),
(101054, 1, 10, 0, 0),
(101055, 1, 10, 0, 0),
(101056, 1, 10, 0, 0),
(101057, 1, 10, 0, 0),
(101058, 1, 10, 0, 0),
(101059, 1, 10, 0, 0),
(101060, 1, 10, 0, 0),
(101061, 1, 10, 0, 0),
(101062, 1, 10, 0, 0),
(101063, 1, 10, 0, 0),
(101064, 1, 10, 0, 0),
(101065, 1, 10, 0, 0),
(101066, 1, 10, 0, 0),
(101067, 1, 10, 0, 0),
(101068, 1, 10, 0, 0),
(101069, 1, 10, 0, 0),
(101070, 1, 10, 0, 0),
(101071, 1, 10, 0, 0),
(101072, 1, 10, 0, 0),
(101073, 1, 10, 0, 0),
(101074, 1, 10, 0, 0),
(101075, 1, 10, 0, 0),
(101076, 1, 10, 0, 0),
(101077, 1, 10, 0, 0),
(101078, 1, 10, 0, 0),
(101079, 1, 10, 0, 0),
(101080, 1, 10, 0, 0),
(101081, 1, 10, 0, 0),
(101082, 1, 10, 0, 0),
(101083, 1, 10, 0, 0),
(101084, 1, 10, 0, 0),
(101085, 1, 10, 0, 0),
(101086, 1, 10, 0, 0),
(101087, 1, 10, 0, 0),
(101088, 1, 10, 0, 0),
(101089, 1, 10, 0, 0),
(101090, 1, 10, 0, 0),
(101091, 1, 10, 0, 0),
(101092, 1, 10, 0, 0),
(101093, 1, 10, 0, 0),
(101094, 1, 10, 0, 0),
(101095, 1, 10, 0, 0),
(101096, 1, 10, 0, 0),
(101097, 1, 10, 0, 0),
(101098, 1, 10, 0, 0),
(101099, 1, 10, 0, 0),
(101100, 1, 10, 0, 0),
(101101, 1, 10, 0, 0),
(101102, 1, 10, 0, 0),
(101103, 1, 10, 0, 0),
(101104, 1, 10, 0, 0),
(101105, 1, 10, 0, 0),
(101106, 1, 10, 0, 0),
(101107, 1, 10, 0, 0),
(101108, 1, 10, 0, 0),
(101109, 1, 10, 0, 0),
(101110, 1, 10, 0, 0),
(101111, 1, 10, 0, 0),
(101112, 1, 10, 0, 0),
(101113, 1, 10, 0, 0),
(101114, 1, 10, 0, 0),
(101115, 1, 10, 0, 0),
(101116, 1, 10, 0, 0),
(101117, 1, 10, 0, 0),
(101118, 1, 10, 0, 0),
(101119, 1, 10, 0, 0),
(101120, 1, 10, 0, 0),
(101121, 1, 10, 0, 0),
(101122, 1, 10, 0, 0),
(101123, 1, 10, 0, 0),
(101124, 1, 10, 0, 0),
(101125, 1, 10, 0, 0),
(101126, 1, 10, 0, 0),
(101127, 1, 10, 0, 0),
(101128, 1, 10, 0, 0),
(101129, 1, 10, 0, 0),
(101130, 1, 10, 0, 0),
(101131, 1, 10, 0, 0),
(101132, 1, 10, 0, 0),
(101133, 1, 10, 0, 0),
(101134, 1, 10, 0, 0),
(101135, 1, 10, 0, 0),
(101136, 1, 10, 0, 0),
(101137, 1, 10, 0, 0),
(101138, 1, 10, 0, 0),
(101139, 1, 10, 0, 0),
(101140, 1, 10, 0, 0),
(101141, 1, 10, 0, 0),
(101142, 1, 10, 0, 0),
(101143, 1, 10, 0, 0),
(101144, 1, 10, 0, 0),
(101145, 1, 10, 0, 0),
(101146, 1, 10, 0, 0),
(101147, 1, 10, 0, 0),
(101148, 1, 10, 0, 0),
(101149, 1, 10, 0, 0),
(101150, 1, 10, 0, 0),
(101151, 1, 10, 0, 0),
(101152, 1, 10, 0, 0),
(101153, 1, 10, 0, 0),
(101154, 1, 10, 0, 0),
(101155, 1, 10, 0, 0),
(101156, 1, 10, 0, 0),
(101157, 1, 10, 0, 0),
(101158, 1, 10, 0, 0),
(101159, 1, 10, 0, 0),
(101160, 1, 10, 0, 0),
(101161, 1, 10, 0, 0),
(101162, 1, 10, 0, 0),
(101163, 1, 10, 0, 0),
(101164, 1, 10, 0, 0),
(101165, 1, 10, 0, 0),
(101166, 1, 10, 0, 0),
(101167, 1, 10, 0, 0),
(101168, 1, 10, 0, 0),
(101169, 1, 10, 0, 0),
(101170, 1, 10, 0, 0),
(101171, 1, 10, 0, 0),
(101172, 1, 10, 0, 0),
(101173, 1, 10, 0, 0),
(101174, 1, 10, 0, 0),
(101175, 1, 10, 0, 0),
(101176, 1, 10, 0, 0),
(101177, 1, 10, 0, 0),
(101178, 1, 10, 0, 0),
(101179, 1, 10, 0, 0),
(101180, 1, 10, 0, 0),
(101181, 1, 10, 0, 0),
(101182, 1, 10, 0, 0),
(101183, 1, 10, 0, 0),
(101184, 1, 10, 0, 0),
(101185, 1, 10, 0, 0),
(101186, 1, 10, 0, 0),
(101187, 1, 10, 0, 0),
(101188, 1, 10, 0, 0),
(101189, 1, 10, 0, 0),
(101190, 1, 10, 0, 0),
(101191, 1, 10, 0, 0),
(101192, 1, 10, 0, 0),
(101193, 1, 10, 0, 0),
(101194, 1, 10, 0, 0),
(101195, 1, 10, 0, 0),
(101196, 1, 10, 0, 0),
(101197, 1, 10, 0, 0),
(101198, 1, 10, 0, 0),
(101199, 1, 10, 0, 0),
(101200, 1, 10, 0, 0),
(101201, 1, 10, 0, 0),
(101202, 1, 10, 0, 0),
(101203, 1, 10, 0, 0),
(101204, 1, 10, 0, 0),
(101205, 1, 10, 0, 0),
(101206, 1, 10, 0, 0),
(101207, 1, 10, 0, 0),
(101208, 1, 10, 0, 0),
(101209, 1, 10, 0, 0),
(101210, 1, 10, 0, 0),
(101211, 1, 10, 0, 0),
(101212, 1, 10, 0, 0),
(101213, 1, 10, 0, 0),
(101214, 1, 10, 0, 0),
(101215, 1, 10, 0, 0),
(101216, 1, 10, 0, 0),
(101217, 1, 10, 0, 0),
(101218, 1, 10, 0, 0),
(101219, 1, 10, 0, 0),
(101220, 1, 10, 0, 0),
(101221, 1, 10, 0, 0),
(101222, 1, 10, 0, 0),
(101223, 1, 10, 0, 0),
(101224, 1, 10, 0, 0),
(101225, 1, 10, 0, 0),
(101226, 1, 10, 0, 0),
(101227, 1, 10, 0, 0),
(101228, 1, 10, 0, 0),
(101229, 1, 10, 0, 0),
(101230, 1, 10, 0, 0),
(101231, 1, 10, 0, 0),
(101232, 1, 10, 0, 0),
(101233, 1, 10, 0, 0),
(101234, 1, 10, 0, 0),
(101235, 1, 10, 0, 0),
(101236, 1, 10, 0, 0),
(101237, 1, 10, 0, 0),
(101238, 1, 10, 0, 0),
(101239, 1, 10, 0, 0),
(101240, 1, 10, 0, 0),
(101241, 1, 10, 0, 0),
(101242, 1, 10, 0, 0),
(101243, 1, 10, 0, 0),
(101244, 1, 10, 0, 0),
(101245, 1, 10, 0, 0),
(101246, 1, 10, 0, 0),
(101247, 1, 10, 0, 0),
(101248, 1, 10, 0, 0),
(101249, 1, 10, 0, 0),
(101250, 1, 10, 0, 0),
(101251, 1, 10, 0, 0),
(101252, 1, 10, 0, 0),
(101253, 1, 10, 0, 0),
(101254, 1, 10, 0, 0),
(101255, 1, 10, 0, 0),
(101256, 1, 10, 0, 0),
(101257, 1, 10, 0, 0),
(101258, 1, 10, 0, 0),
(101259, 1, 10, 0, 0),
(101260, 1, 10, 0, 0),
(101261, 1, 10, 0, 0),
(101262, 1, 10, 0, 0),
(101263, 1, 10, 0, 0),
(101264, 1, 10, 0, 0),
(101265, 1, 10, 0, 0),
(101266, 1, 10, 0, 0),
(101267, 1, 10, 0, 0),
(101268, 1, 10, 0, 0),
(101269, 1, 10, 0, 0),
(101270, 1, 10, 0, 0),
(101271, 1, 10, 0, 0),
(101272, 1, 10, 0, 0),
(101273, 1, 10, 0, 0),
(101274, 1, 10, 0, 0),
(101275, 1, 10, 0, 0),
(101276, 1, 10, 0, 0),
(101277, 1, 10, 0, 0),
(101278, 1, 10, 0, 0),
(101279, 1, 10, 0, 0),
(101280, 1, 10, 0, 0),
(101281, 1, 10, 0, 0),
(101282, 1, 10, 0, 0),
(101283, 1, 10, 0, 0),
(101284, 1, 10, 0, 0),
(101285, 1, 10, 0, 0),
(101286, 1, 10, 0, 0),
(101287, 1, 10, 0, 0),
(101288, 1, 10, 0, 0),
(101289, 1, 10, 0, 0),
(101290, 1, 10, 0, 0),
(101291, 1, 10, 0, 0),
(101292, 1, 10, 0, 0),
(101293, 1, 10, 0, 0),
(101294, 1, 10, 0, 0),
(101295, 1, 10, 0, 0),
(101296, 1, 10, 0, 0),
(101297, 1, 10, 0, 0),
(101298, 1, 10, 0, 0),
(101299, 1, 10, 0, 0),
(101300, 1, 10, 0, 0),
(101301, 1, 10, 0, 0),
(101302, 1, 10, 0, 0),
(101303, 1, 10, 0, 0),
(101304, 1, 10, 0, 0),
(101305, 1, 10, 0, 0),
(101306, 1, 10, 0, 0),
(101307, 1, 10, 0, 0),
(101308, 1, 10, 0, 0),
(101309, 1, 10, 0, 0),
(101310, 1, 10, 0, 0),
(101311, 1, 10, 0, 0),
(101312, 1, 10, 0, 0),
(101313, 1, 10, 0, 0),
(101314, 1, 10, 0, 0),
(101315, 1, 10, 0, 0),
(101316, 1, 10, 0, 0),
(101317, 1, 10, 0, 0),
(101318, 1, 10, 0, 0),
(101319, 1, 10, 0, 0),
(101320, 1, 10, 0, 0),
(101321, 1, 10, 0, 0),
(101322, 1, 10, 0, 0),
(101323, 1, 10, 0, 0),
(101324, 1, 10, 0, 0),
(101325, 1, 10, 0, 0),
(101326, 1, 10, 0, 0),
(101327, 1, 10, 0, 0),
(101328, 1, 10, 0, 0),
(101329, 1, 10, 0, 0),
(101330, 1, 10, 0, 0),
(101331, 1, 10, 0, 0),
(101332, 1, 10, 0, 0),
(101333, 1, 10, 0, 0),
(101334, 1, 10, 0, 0),
(101335, 1, 10, 0, 0),
(101336, 1, 10, 0, 0),
(101337, 1, 10, 0, 0),
(101338, 1, 10, 0, 0),
(101339, 1, 10, 0, 0),
(101340, 1, 10, 0, 0),
(101341, 1, 10, 0, 0),
(101342, 1, 10, 0, 0),
(101343, 1, 10, 0, 0),
(101344, 1, 10, 0, 0),
(101345, 1, 10, 0, 0),
(101346, 1, 10, 0, 0),
(101347, 1, 10, 0, 0),
(101348, 1, 10, 0, 0),
(101349, 1, 10, 0, 0),
(101350, 1, 10, 0, 0),
(101351, 1, 10, 0, 0),
(101352, 1, 10, 0, 0),
(101353, 1, 10, 0, 0),
(101354, 1, 10, 0, 0),
(101355, 1, 10, 0, 0),
(101356, 1, 10, 0, 0),
(101357, 1, 10, 0, 0),
(101358, 1, 10, 0, 0),
(101359, 1, 10, 0, 0),
(101360, 1, 10, 0, 0),
(101361, 1, 10, 0, 0),
(101362, 1, 10, 0, 0),
(101363, 1, 10, 0, 0),
(101364, 1, 10, 0, 0),
(101365, 1, 10, 0, 0),
(101366, 1, 10, 0, 0),
(101367, 1, 10, 0, 0),
(101368, 1, 10, 0, 0),
(101369, 1, 10, 0, 0),
(101370, 1, 10, 0, 0),
(101371, 1, 10, 0, 0),
(101372, 1, 10, 0, 0),
(101373, 1, 10, 0, 0),
(101374, 1, 10, 0, 0),
(101375, 1, 10, 0, 0),
(101376, 1, 10, 0, 0),
(101377, 1, 10, 0, 0),
(101378, 1, 10, 0, 0),
(101379, 1, 10, 0, 0),
(101380, 1, 10, 0, 0),
(101381, 1, 10, 0, 0),
(101382, 1, 10, 0, 0),
(101383, 1, 10, 0, 0),
(101384, 1, 10, 0, 0),
(101385, 1, 10, 0, 0),
(101386, 1, 10, 0, 0),
(101387, 1, 10, 0, 0),
(101388, 1, 10, 0, 0),
(101389, 1, 10, 0, 0),
(101390, 1, 10, 0, 0),
(101391, 1, 10, 0, 0),
(101392, 1, 10, 0, 0),
(101393, 1, 10, 0, 0),
(101394, 1, 10, 0, 0),
(101395, 1, 10, 0, 0),
(101396, 1, 10, 0, 0),
(101397, 1, 10, 0, 0),
(101398, 1, 10, 0, 0),
(101399, 1, 10, 0, 0),
(101400, 1, 10, 0, 0),
(101401, 1, 10, 0, 0),
(101402, 1, 10, 0, 0),
(101403, 1, 10, 0, 0),
(101404, 1, 10, 0, 0),
(101405, 1, 10, 0, 0),
(101406, 1, 10, 0, 0),
(101407, 1, 10, 0, 0),
(101408, 1, 10, 0, 0),
(101409, 1, 10, 0, 0),
(101410, 1, 10, 0, 0),
(101411, 1, 10, 0, 0),
(101412, 1, 10, 0, 0),
(101413, 1, 10, 0, 0),
(101414, 1, 10, 0, 0),
(101415, 1, 10, 0, 0),
(101416, 1, 10, 0, 0),
(101417, 1, 10, 0, 0),
(101418, 1, 10, 0, 0),
(101419, 1, 10, 0, 0),
(101420, 1, 10, 0, 0),
(101421, 1, 10, 0, 0),
(101422, 1, 10, 0, 0),
(101423, 1, 10, 0, 0),
(101424, 1, 10, 0, 0),
(101425, 1, 10, 0, 0),
(101426, 1, 10, 0, 0),
(101427, 1, 10, 0, 0),
(101428, 1, 10, 0, 0),
(101429, 1, 10, 0, 0),
(101430, 1, 10, 0, 0),
(101431, 1, 10, 0, 0),
(101432, 1, 10, 0, 0),
(101433, 1, 10, 0, 0),
(101434, 1, 10, 0, 0),
(101435, 1, 10, 0, 0),
(101436, 1, 10, 0, 0),
(101437, 1, 10, 0, 0),
(101438, 1, 10, 0, 0),
(101439, 1, 10, 0, 0),
(101440, 1, 10, 0, 0),
(101441, 1, 10, 0, 0),
(101442, 1, 10, 0, 0),
(101443, 1, 10, 0, 0),
(101444, 1, 10, 0, 0),
(101445, 1, 10, 0, 0),
(101446, 1, 10, 0, 0),
(101447, 1, 10, 0, 0),
(101448, 1, 10, 0, 0),
(101449, 1, 10, 0, 0),
(101450, 1, 10, 0, 0),
(101451, 1, 10, 0, 0),
(101452, 1, 10, 0, 0),
(101453, 1, 10, 0, 0),
(101454, 1, 10, 0, 0),
(101455, 1, 10, 0, 0),
(101456, 1, 10, 0, 0),
(101457, 1, 10, 0, 0),
(101458, 1, 10, 0, 0),
(101459, 1, 10, 0, 0),
(101460, 1, 10, 0, 0),
(101461, 1, 10, 0, 0),
(101462, 1, 10, 0, 0),
(101463, 1, 10, 0, 0),
(101464, 1, 10, 0, 0),
(101465, 1, 10, 0, 0),
(101466, 1, 10, 0, 0),
(101467, 1, 10, 0, 0),
(101468, 1, 10, 0, 0),
(101469, 1, 10, 0, 0),
(101470, 1, 10, 0, 0),
(101471, 1, 10, 0, 0),
(101472, 1, 10, 0, 0),
(101473, 1, 10, 0, 0),
(101474, 1, 10, 0, 0),
(101475, 1, 10, 0, 0),
(101476, 1, 10, 0, 0),
(101477, 1, 10, 0, 0),
(101478, 1, 10, 0, 0),
(101479, 1, 10, 0, 0),
(101480, 1, 10, 0, 0),
(101481, 1, 10, 0, 0),
(101482, 1, 10, 0, 0),
(101483, 1, 10, 0, 0),
(101484, 1, 10, 0, 0),
(101485, 1, 10, 0, 0),
(101486, 1, 10, 0, 0),
(101487, 1, 10, 0, 0),
(101488, 1, 10, 0, 0),
(101489, 1, 10, 0, 0),
(101490, 1, 10, 0, 0),
(101491, 1, 10, 0, 0),
(101492, 1, 10, 0, 0),
(101493, 1, 10, 0, 0),
(101494, 1, 10, 0, 0),
(101495, 1, 10, 0, 0),
(101496, 1, 10, 0, 0),
(101497, 1, 10, 0, 0),
(101498, 1, 10, 0, 0),
(101499, 1, 10, 0, 0);

ALTER TABLE products AUTO_INCREMENT = 201;
ALTER TABLE product_variants AUTO_INCREMENT = 101501;
